year;teatro;iglesia;hospital;hospital;ayuntamiento;museo;colegio;estación;juzgado;metro;fábrica;farmacia;correos
mean_1800_2008;0,004702457180685357;0,00878559731418196;0,0026811097851247093;0,0026811097851247093;0,0016829114022772836;0,0005653795092442315;0,002637209018529085;0,0021311567381549264;0,0021498850484115554;0,001308464035669709;0,0031150673660213847;0,00045221992433747913;0,0011726516984907234
mean_1900-2008;0,005703807654567057;0,0060925879626706385;0,002239224347868194;0,002239224347868194;0,0005946661377519225;0,0007629319456038362;0,002326821053538608;0,0032525637762349092;0,0013775115823647904;0,001614464187788467;0,0030329977408592237;0,00035420734060321625;0,0007922312460445932
1800;0,0028019535420753527;0,005306149796524551;0,0035601797890194575;0,0035601797890194575;0,000690323372509738;0,0001658314332075861;0,0011658874200293212;0,000250889314656888;0,0013288369927977328;0,0005783937808701012;0,003454768420851906;0,00021464226165335276;0,0005566459549299907
1801;0,0029082748369546607;0,005392237144405954;0,0034995173882634845;0,0034995173882634845;0,0006197479524416849;0,000234921591300008;0,001136200262408238;0,00027638121991913067;0,0012338378473941702;0,000536339662176033;0,0038579586907872;0,0002310225454493775;0,000545528082511737
1802;0,0026788743525685277;0,0063684951480051195;0,003400661459333302;0,003400661459333302;0,0005753336078366071;0,00021878353872277026;0,0017106285364813327;0,00024316357022750404;0,0013450634014589014;0,0004774586993031941;0,004131840705667855;0,0002208867878531843;0,0007837825781583282
1803;0,0026614344408569324;0,006296106792953131;0,0037244763916532975;0,0037244763916532975;0,0005806699781325213;0,0002254009578856702;0,0017010607345062973;0,00022020838303303335;0,001279152183997212;0,0004353400592143382;0,0043453102210021044;0,00023477818363712037;0,000721468313713558
1804;0,002528040567995049;0,008570664327375457;0,0038433150751058876;0,0038433150751058876;0,0006917316048722048;0,0002852569837484355;0,0016229269541716868;0,00022623720578199676;0,0012999828738559569;0,00040643697372745786;0,0039457126539283694;0,0002070454667903375;0,0007945601607519035
1805;0,0021683872676346383;0,009521808585434752;0,0040107929765196915;0,0040107929765196915;0,0006825864147685934;0,00028488138192577547;0,0016994427434318432;0,00019970071808269755;0,0013431764143336164;0,0002842381369256535;0,0050248853377914725;0,00024804522321833896;0,0008273969342553755
1806;0,0021570056950232746;0,009227789424975137;0,00395237795081422;0,00395237795081422;0,0006612552429682442;0,0003155380211085555;0,001747706405045132;0,0003450203239806017;0,001319279363087844;0,00023253989525073848;0,004959676750461638;0,00029454383983258073;0,0011135237140739004
1807;0,0023057133278468556;0,009308755241883253;0,003633438791439403;0,003633438791439403;0,0007126446754617584;0,0003120963632292322;0,0018486833661362262;0,0003347432904580013;0,0014874540024071134;0,00025696708446178363;0,004832508836573522;0,000495141393587671;0,0011778986780492623
1808;0,0021332953500469948;0,010316573025193065;0,0033099475850966497;0,0033099475850966497;0,0012270396902230069;0,0002705617378394111;0,001930624200342988;0,00028969508239892354;0,0017412945713398847;0,0002156300906465601;0,004575322184661802;0,000515789395194588;0,0013696167375850824
1809;0,0025408710826013703;0,011983821812983868;0,0034552263969089836;0,0034552263969089836;0,0018081939742842223;0,0003618882374212262;0,0020012649656564463;0,0003012421879183031;0,0017438606716625926;0,00023112482706112914;0,004198941236869099;0,0005764997678982452;0,0012176075480445953
1810;0,0027266495895414016;0,014143064670081782;0,003104454507203107;0,003104454507203107;0,003229305821150774;0,0004815528654944501;0,0021971038092617945;0,00030390633095781335;0,0019808490053817096;0,00022154549290982165;0,0035568732008479332;0,0005909033575335343;0,001311731031299652
1811;0,003186429564396219;0,01418938383202268;0,003161278826675178;0,003161278826675178;0,003513181127345888;0,0003822408343369586;0,002201780327076059;0,00033573465023956875;0,002087411303364206;0,00020857286001176235;0,003399006566594055;0,0005733725418264969;0,0013117996981496358
1812;0,003470608628828943;0,01651416517103956;0,003237399557422448;0,003237399557422448;0,003482987079093748;0,00037976632337891454;0,0023370606088844526;0,00037837488175033025;0,0022019692810967433;0,00020688313985114552;0,0021535629587430905;0,0005727931547231232;0,0012590405341532979
1813;0,0036459669510285108;0,017975204484953013;0,0030378568356224734;0,0030378568356224734;0,00365288291115056;0,0003681994883208972;0,002649188328567626;0,0002368928595127987;0,0021698398086300585;0,00023124028822556805;0,002979770345388845;0,0005481080295664599;0,0010697688529554788
1814;0,004027975878021347;0,018849026361879493;0,003071708774119283;0,003071708774119283;0,003777403896622543;0,0004117519186560717;0,002720118910864195;0,0002779992947970251;0,0035390405823168946;0,00018326119126348722;0,0031431460748925543;0,0003275010060731022;0,0011276069406968808
1815;0,0039794686277413605;0,018253562198619226;0,0031398770650931896;0,0031398770650931896;0,0034554696672525354;0,00047387974534883275;0,0026757058159481467;0,0004350508593883465;0,0036452890266705906;0,00022687254873484823;0,003603416345348316;0,00027619381138980055;0,0009586743999534519
1816;0,0035660364379249843;0,016212257157479013;0,003051805392065684;0,003051805392065684;0,0030048043624576947;0,00037403523427721145;0,0021937920921897914;0,0004629361910701846;0,003744243713299511;0,00019643685667298475;0,0035478073966390055;0,00022559749400638144;0,0009374261220987787
1817;0,003358380555645064;0,015375380046732192;0,0035004208777016698;0,0035004208777016698;0,002740733563249315;0,0002445096242809086;0,0021591663815862766;0,0005296255592059294;0,00381373989252357;0,00019200025138031506;0,003832390848401701;0,00023577533089077666;0,0010428513308267742
1818;0,0030535242720881274;0,014309068501461297;0,0035589436395509566;0,0035589436395509566;0,002946740817476114;0,00028191959456437744;0,0022356981259820585;0,0005361017851360625;0,0038534902679592574;0,00024089929573684846;0,003918183457634379;0,00043766708423780595;0,001183209919223113
1819;0,0028704406499205754;0,01158328928535671;0,0036986028395144133;0,0036986028395144133;0,0033858603273984045;0,00026585296544518703;0,002423455771349836;0,000512159327367304;0,003838938066889698;0,0002901269778833791;0,004041660784943295;0,0005191148618775644;0,0011695742354537028
1820;0,0025721738893480506;0,012609081646327729;0,003430820730240417;0,003430820730240417;0,004140155527108748;0,00024251735989569819;0,002190716259065084;0,000510421104341471;0,003946192035592893;0,0002373435985906066;0,0029004379809651126;0,0005920678323231446;0,0010754313344867633
1821;0,002151445252301138;0,012541829554330825;0,003650473757131424;0,003650473757131424;0,004134024103612839;0,00020757317023318525;0,0022064520245684044;0,00047757249766228985;0,00265389298874652;0,00023062470972945448;0,0028572738821302274;0,000671649107581678;0,0010296704463793763
1822;0,0021931885904840393;0,014819935001599203;0,0037112507405774;0,0037112507405774;0,004157497564197651;0,0001280396970417184;0,0023431750897933462;0,00033313937787430144;0,0024726276283867526;0,0001973813904701923;0,0021696998373954557;0,00068908501426839;0,0011045059636671795
1823;0,0024453735542400473;0,01601614401027161;0,0037585862498547484;0,0037585862498547484;0,004410525538592732;0,00014853423847073697;0,0024464332454954274;0,0003133608434576932;0,002402516552787607;0,0003176660153972729;0,002173897649169833;0,0007055900531278374;0,001198831062408447
1824;0,0023483654980996755;0,014837416425247545;0,00332828897496386;0,00332828897496386;0,0033150037130066524;0,00014221255517960735;0,002268420160232511;0,00024557227951455777;0,0022901292530670097;0,0003517520115435348;0,002004608567014137;0,0007873887982766195;0,0010780965502427925
1825;0,002144552620718189;0,014039128706956814;0,0036591536367528276;0,0036591536367528276;0,002823180628703475;0,00012121225592766547;0,0021125058732910213;0,00019345016783388146;0,0025494177472345264;0,00033094231477142396;0,0019400022210902534;0,0006095828991549622;0,00088999427134695
1826;0,002113587340448118;0,014809837115795484;0,0033572888631689625;0,0033572888631689625;0,0028219290080804577;0,00011780915493935545;0,00194401137767792;0,00017917585799815633;0,002610054278712986;0,0003019423680988049;0,0022592148525291122;0,0005093649828527955;0,0010059232798604561
1827;0,0028860909359147108;0,013188786293280179;0,003307547272665293;0,003307547272665293;0,0020969055055632324;0,00012859850845156222;0,0019106968855859513;0,00015528016287394815;0,00261634499370952;0,0003564456343545836;0,0024866677059825243;0,0004973898804954453;0,001042189465546731
1828;0,0031385940279246172;0,015272827191178555;0,0033391718066663346;0,0033391718066663346;0,0020852001788236;0,00013980295047336507;0,002716459247104857;0,00014542441379359974;0,0025101370608483975;0,000556916183670962;0,0034766451790346764;0,0004186950133901389;0,0010881751157804892
1829;0,0033720616296964833;0,01651801836227865;0,0035989594834973104;0,0035989594834973104;0,002262259983711244;0,00017375446239904186;0,002748265550118439;0,00014176300575335126;0,0025122064991072485;0,0005566523603712474;0,003697007845663133;0,00042401613557428524;0,0010854562203478832
1830;0,003548888551969347;0,016122867132902945;0,0039421767983835055;0,0039421767983835055;0,002055508554933892;0,0002146599285879347;0,0030065048511979903;0,00024639250081496096;0,0024400861418273833;0,0006497777836297505;0,003910903511236289;0,0008035155458076457;0,0010974548331432743
1831;0,003910941658042637;0,01706528679018707;0,004045960226254205;0,004045960226254205;0,0022996997618715148;0,00020670571042761106;0,003202591778972419;0,0002691639094466934;0,0024315910195582546;0,0006702597504824683;0,003982415026777224;0,0006745809352131411;0,0010915864874862433
1832;0,004106019852250549;0,017597442430477322;0,0035442019517566746;0,0035442019517566746;0,002523632507031185;0,00021271838802152033;0,0033544401568568515;0,00031157245530266664;0,0020961669049159226;0,0007176768576755421;0,004087962692470423;0,0007717097040378057;0,0012155704033440478
1833;0,004374007195500391;0,01743916208007639;0,003688754960811431;0,003688754960811431;0,0025337176599090788;0,0002980130018061443;0,0037143934215626883;0,00032596094570180867;0,0020740733556782027;0,0007518105511345701;0,003910594464936626;0,0008054605716876853;0,0012018863279601127
1834;0,0038503094401676208;0,0172911499768296;0,0038848397577697013;0,0038848397577697013;0,002745195654694856;0,00031941434924322366;0,003876903558973156;0,0003588220465644554;0,0024421236178438577;0,0007127395260145672;0,003822659008229883;0,0007532030784724546;0,0013482647123704997
1835;0,003668733812186734;0,016787334191446592;0,0037279060312097757;0,0037279060312097757;0,003009495854452585;0,0003553611203902359;0,0033710343944091748;0,00037237712636592084;0,00254752368553974;0,000520343766246307;0,002813817705568259;0,0008075395986192494;0,0014567365074721497
1836;0,0036192569885835314;0,01462245054426603;0,003540991591372793;0,003540991591372793;0,0031241229537824567;0,0003400328117615053;0,003417448273726872;0,0004025683892905363;0,0028056232622475363;0,0006275431392818323;0,002734905631638997;0,0008142161797357922;0,0015216549659921189
1837;0,0035968291610645664;0,014358915567364811;0,0030148660568686736;0,0030148660568686736;0,003456916913689513;0,0003130145858319468;0,0031708089539149243;0,00029585390361067506;0,0029687263512252165;0,00046280470737006653;0,002606574474027314;0,00046271657733346473;0,001541539807346583
1838;0,003553945446453456;0,013861660720847015;0,002876903610220844;0,002876903610220844;0,003885885884561243;0,00032804084639792563;0,00348388226224675;0,00028630828897543585;0,0031570851206197403;0,0004758825590605349;0,0026001169577024746;0,0005476803218178768;0,0016537214053512017
1839;0,003790501692232543;0,014018447213207504;0,0028848503331703667;0,0028848503331703667;0,004279104645580186;0,0003279684895980089;0,0037928714716274825;0,0002522110272756046;0,0034766710866408956;0,0004454875969323828;0,0025944148936624905;0,0005357036928087057;0,001575225996930385
1840;0,0038206288861277115;0,013601736178056205;0,002935949279552525;0,002935949279552525;0,004957942344065357;0,0002994481454671976;0,0036595842954868984;0,00024713354248108644;0,003679652919735028;0,00041912123833753867;0,0025055033672418047;0,0006034139557544092;0,001738142587523076
1841;0,003888968214076678;0,01470811216027609;0,0031533526583059157;0,0031533526583059157;0,005260559555608779;0,0003193012844349141;0,003966875088475977;0,00020306278380693196;0,003587634871239841;0,00043815251241799814;0,0025088805289539906;0,000757353222979873;0,0017053215742635075
1842;0,004136178696561339;0,013728259364143014;0,003328690192055157;0,003328690192055157;0,005699226780312269;0,0003169388394651053;0,003966383493596888;0,00018467984140053368;0,0037339427113433233;0,000509334157478796;0,002568719225694492;0,0008048105590725235;0,0016752681014103083
1843;0,004261525464244187;0,013347963145601431;0,0035395292278345937;0,0035395292278345937;0,00575333833694458;0,00031751928223197216;0,004599719925733682;0,00015433377598128573;0,0036048734078316814;0,0004212037700719;0,0024762509253508013;0,0009025428685812845;0,0016327983628018827
1844;0,004147718677164188;0,013550944277085364;0,0037303998396964744;0,0037303998396964744;0,006227420401825969;0,00034894277567738233;0,0049984794064325145;0,00016942454733128085;0,0036409177742565847;0,0004049929982232113;0,002343871892662719;0,0012297651729958098;0,0016076588898223626
1845;0,004138403216659624;0,014814058938229988;0,003682536589622032;0,003682536589622032;0,006059899221457142;0,00037809894105781235;0,00489103133856718;0,0001793180729237065;0,0037422027941959512;0,00038426367804536966;0,002634020633455033;0,001231094899724537;0,0015610022143976365
1846;0,003992569327238016;0,01476221711657542;0,003807188867150606;0,003807188867150606;0,006538903679549029;0,0004425143645546216;0,005120916362752074;0,00020116389529383535;0,0036853890508479837;0,00040771682441637883;0,0027622094681386705;0,001351954428433341;0,0017142990665368935
1847;0,003991099427886573;0,015355692760619735;0,0037044108986654988;0,0037044108986654988;0,006311387499278811;0,0004200102499193495;0,005079819519388755;0,00021163881212617398;0,003758056949923879;0,00047637638220164396;0,002998288748910584;0,001313674114758864;0,0017381266843585763
1848;0,0038868520018045926;0,015145982407765195;0,0034216477485772756;0,0034216477485772756;0,006262638427350404;0,00041264912787093114;0,005138586597500502;0,00024305245785529096;0,003671094288750153;0,000537801059051292;0,0032289322656911933;0,0011904976288081212;0,0017471316303791745
1849;0,0037191092685264137;0,015267721443836178;0,003246646831809942;0,003246646831809942;0,0064131143777298606;0,00042260298219584257;0,005185803976408871;0,0002646350123671125;0,0037984047334508175;0,0006181989354964961;0,0032357817222613706;0,0011470166490263572;0,0017692748380276108
1850;0,0034615926779224537;0,015980832228836204;0,003311282749304415;0,003311282749304415;0,006222805521766921;0,0004139956428973944;0,004578634980134666;0,0002850171085810871;0,004070453880038778;0,0007170279299576318;0,003369988397545447;0,0010728966442132201;0,0017625578948354814
1851;0,003438658547695793;0,01607478438277862;0,0031328536351793446;0,0031328536351793446;0,005770081926519717;0,0003863707190378461;0,004628237573862342;0,0002843137053787359;0,004548041761154309;0,000743787995816092;0,0033988946857529557;0,0007493519011144859;0,0018398546022321432
1852;0,0033418367560703443;0,015239780519290695;0,0031835618886231843;0,0031835618886231843;0,005493397293321323;0,0003827213942843498;0,004447674447354595;0,00034260799891074257;0,004485482401962925;0,0008536559887163872;0,003206724847716812;0,0007800117860564829;0,0018527310723064666
1853;0,0033468251526106284;0,015049448640119017;0,0029313662837791655;0,0029313662837791655;0,00446159338025609;0,00032672185982716783;0,004200287626840041;0,0003968488337185201;0,0051226433112918;0,0009278109116296815;0,003159883531874844;0,0006097335179739665;0,001789779980754247
1854;0,0031958205519393755;0,014587809086411392;0,0031378006627034794;0,0031378006627034794;0,004016968133717975;0,0003281481716450279;0,0041244337418382725;0,00041165995818508757;0,005372875343060254;0,0009406280111891516;0,003021836164407432;0,0005638663066877468;0,0016519536724704915
1855;0,0032329467493192555;0,01336108720611914;0,0032332713089999743;0,0032332713089999743;0,003662100451557697;0,0003265489778771423;0,003880843723891303;0,0004569634484141716;0,005695702618270714;0,0009970922617087905;0,002766103924451662;0,0005252282237831553;0,0017809748117412838
1856;0,003287869523254423;0,013115157759914706;0,0032239543153471982;0,0032239543153471982;0,003005445614689961;0,0002932945546620301;0,003700591878441628;0,0005159149915406098;0,0054991715712406275;0,0009951409408261367;0,0028952942687153283;0,000514350738610249;0,0017831117085214438
1857;0,0035470855696725524;0,01198712780023925;0,0031268485534902924;0,0031268485534902924;0,0030629368016629344;0,0003140605258522555;0,003688557028778762;0,0005463104246570895;0,00541478163670815;0,0010543382878885105;0,0029100295380755726;0,000541301087001297;0,0017985740409390666
1858;0,003521512553561479;0,011431965997741957;0,0033898971066394423;0,0033898971066394423;0,003114611484176878;0,0003147518522642453;0,003571850096964876;0,0006319375026058489;0,005201905514695682;0,0011033724929023134;0,003036740443868829;0,0005328981680057561;0,001871795848273905
1859;0,003549660583043338;0,011975241587996217;0,0036027933934487267;0,0036027933934487267;0,0032271814883902804;0,0003036725274796481;0,0037805298623944895;0,0006114774903055929;0,0051580120530811;0,001103594955306367;0,0029670723441605723;0,0004609211925656252;0,0020810248055827935
1860;0,0034834291000152007;0,012185036238016827;0,0038993821103109182;0,0038993821103109182;0,003345030069924958;0,00031085153620681794;0,0038301629631730194;0,0006106766217531653;0,004337505561124999;0,001134289959736634;0,0029683018770551178;0,0004535684021383142;0,002059609999248226
1861;0,003557080708560534;0,012004549457092903;0,003643823427929809;0,003643823427929809;0,0030761204470763914;0,00028873491341333387;0,0037878038451058926;0,0006168287784800798;0,003816577243144691;0,0011794273112692671;0,0029449698818747754;0,00043865056470947044;0,001977278407139238
1862;0,003575180016923696;0,012358933080187335;0,003731247332845149;0,003731247332845149;0,003057582190584591;0,00028257928761377116;0,0037732729262123553;0,0005872981806273206;0,0034279747654051918;0,001166280721268517;0,0030495322789647616;0,0008482628248072746;0,0019332442596870741
1863;0,0034615444747032598;0,012062237510690466;0,0038592146665905602;0,0038592146665905602;0,0029681570075419067;0,0002980113468506066;0,0037442909420600957;0,0005377898137989437;0,0034647058263154963;0,0011069185867589632;0,00293318982065622;0,0008390205331514672;0,0018543809346738271
1864;0,0038103757106000558;0,012064695744941543;0,003829494978292912;0,003829494978292912;0,002664959707284912;0,00033957624542121527;0,003753423983913048;0,0005438775165852608;0,003168018208400879;0,0010268448412326897;0,0031375644019655214;0,0009570179599904804;0,001888647680711334
1865;0,003902459762425029;0,011795922390384865;0,0036537380895294647;0,0036537380895294647;0,002419340918485042;0,00033213188836660786;0,0033937838972113764;0,000572545660101501;0,002837229528397854;0,0010921401164003847;0,002966802068320768;0,0011432649606441764;0,0018312597343797927
1866;0,003942223546411177;0,010515616304473951;0,003369273846536609;0,003369273846536609;0,0025713413378980476;0,000319200617988307;0,003132142748134876;0,0006101107406461129;0,0028005831284515026;0,0010418307673327426;0,002901818905749159;0,0011429429020738877;0,0016956093012205592
1867;0,003973266991254475;0,009915267375098276;0,0031657768756433924;0,0031657768756433924;0,0037070617249160675;0,0003041442515236018;0,002848763818162427;0,0006067916696598072;0,0029756495548229267;0,0009531430415726;0,002745076900672367;0,0011108607005943277;0,0017849563976467054
1868;0,004103910552138197;0,009710227043667276;0,0032567797721380232;0,0032567797721380232;0,004004011485189299;0,00035608469650989197;0,0030003285116565947;0,0008458333890562894;0,0032449613302430536;0,0010081745001246287;0,002801890981832652;0,0011115202466628813;0,0019478431048420525
1869;0,004126330999757296;0,010091823579776766;0,0031107174176473306;0,0031107174176473306;0,003928083879145561;0,00036431023805302436;0,0031200462347312297;0,0008941393356768198;0,0033174523455922356;0,0010163002765953674;0,002691579200992627;0,0006921686690475326;0,0020389750716276467
1870;0,004151154280407354;0,009683751808812044;0,0028837711527428056;0,0028837711527428056;0,003874239272201001;0,00040105632186688514;0,003046288916915988;0,0009301341054067183;0,00332998440301578;0,001094345641052184;0,0026199230498085463;0,0006745991088661997;0,0022077280976061176
1871;0,0036603434896928123;0,009108979325641744;0,0027447622414911166;0,0027447622414911166;0,004020333446013475;0,00040457005070493324;0,003075049530057835;0,0009701144985488749;0,0035071410301108176;0,0011256193309756263;0,0023004266560227343;0,0005120468131281086;0,002292053873783776
1872;0,0037555915956285647;0,009040161759393024;0,002676552711428875;0,002676552711428875;0,003926321707175313;0,0004483762690402468;0,003192836473837295;0,000920831384324369;0,003546085203457291;0,0011028280563810508;0,0023850540206435005;0,00028090373689337866;0,0024320942299839643
1873;0,0038012249465932003;0,008873068353360785;0,0026802692965637626;0,0026802692965637626;0,003624862542242876;0,0004947006313419219;0,003166562471181221;0,0011266396021320751;0,003407611386916999;0,0012012634735063849;0,002597576427173668;0,00024664732011712786;0,002390693901231446
1874;0,004006284299456249;0,008615950771075274;0,002678305671517072;0,002678305671517072;0,00236618296704754;0,0005324403933367908;0,003052393991051109;0,0012768510974378192;0,0031860293477490942;0,0014286909130792733;0,002718876307231507;0,0002532040298319771;0,0023011960365693085
1875;0,0038887864710497;0,008261162708679746;0,002528171613188793;0,002528171613188793;0,0020951231947817306;0,0005211542981799409;0,0029014334618945475;0,0011327186907042883;0,0029276861563890372;0,0014074443892500962;0,0027281397446391304;0,00024307798867084784;0,002212472671609638
1876;0,0037612205103089635;0,007314509119688799;0,002436746477282473;0,002436746477282473;0,002130729574543823;0,0005263500530158385;0,002605631146122635;0,0011534705013868266;0,0027904997425918865;0,0015072906925135093;0,0027775797466996926;0,00024279112754551794;0,0020718340238090605
1877;0,0039895730619069324;0,007220795305329375;0,0025096946306543294;0,0025096946306543294;0,0022336085748975165;0,0004844875417932469;0,002728869912971277;0,0012615168738453317;0,0026197018087259494;0,001519056890434253;0,0029404122739963767;0,0002512325538970929;0,0019432270554326741
1878;0,0044907909666237955;0,006994746997536692;0,0024629003486812246;0,0024629003486812246;0,002076045465011183;0,00043662436967549316;0,0025402664375308503;0,001247894787021713;0,0024003667411826818;0,0016096602718919583;0,002986507102572692;0,0002569794300403113;0,0019527091613521668
1879;0,004515974978858139;0,006883519225604167;0,002482155105099082;0,002482155105099082;0,0021105622181494255;0,00043045045328783866;0,0025160079011194675;0,0013847296291455027;0,0024239925551228225;0,0016866391498686945;0,0029906301538825835;0,000271592827110518;0,0018010347568114021
1880;0,004753906796395313;0,007021192089138952;0,00247417987598705;0,00247417987598705;0,0019032556078205482;0,0004082348336201644;0,002490071450925565;0,0012565465892423941;0,0024548226065235212;0,0016830718517927118;0,002780492676330531;0,00028026526186814796;0,0017573459315047201
1881;0,005007390661506049;0,007402659009260657;0,0025559152033695553;0,0025559152033695553;0,001811115959883734;0,00040416591673420044;0,002476754369646577;0,0013043200072258645;0,002452155500317791;0,0016633953237032983;0,0029134296710253693;0,00029584949580956684;0,0017860919147746506
1882;0,005109646761931279;0,007936213400431111;0,0025993849963664877;0,0025993849963664877;0,0017167338098391027;0,00041326085725553895;0,0023219636724596576;0,001431572660034622;0,0023919179511722177;0,0018184582456472398;0,0030587729010481523;0,0003222860673953879;0,0017216404687912601
1883;0,005198932142645519;0,008413706590155405;0,0026201691330892834;0,0026201691330892834;0,0014938391229536916;0,0004282977962637753;0,002387859266101649;0,001572048729160867;0,0024057787543694887;0,001849258517592846;0,0032658964430863436;0,00035123990268662704;0,0017979677327925208
1884;0,005259343950975952;0,008788368307120566;0,0025579485736670904;0,0025579485736670904;0,0013663761170131952;0,0004329002259899946;0,0023413425619115253;0,0016858888297325131;0,0023818937864104684;0,0019243532993381712;0,0032882044771603046;0,0003542044916165261;0,0019246699594077654
1885;0,004991605289563138;0,009060333416398083;0,0026072695878350976;0,0026072695878350976;0,0012989635446761635;0,0004487802633385789;0,002341855906706769;0,002025408399016929;0,002376850144563442;0,0019472839734849651;0,0033177447871172005;0,00035298833154229214;0,00200544844639288
1886;0,004991425937207948;0,009394489461556077;0,002636664222726332;0,002636664222726332;0,0011704757201057095;0,0004287374427544169;0,002313639405266648;0,0021387468482966404;0,002261414946198264;0,0019540509258929107;0,0034492430391505225;0,00036940293739462504;0,001982489421996953
1887;0,004693381872909542;0,00907576728163154;0,0026644884201232344;0,0026644884201232344;0,0011316878564165173;0,0004340926612452936;0,002322207417039733;0,0023851895873251905;0,0021923338083849686;0,002136491925089753;0,003589489538821259;0,0003610996340544911;0,0020390145436977036
1888;0,004201991863997786;0,009079257974268071;0,002541922627382779;0,002541922627382779;0,0010390411651834647;0,0004991826569624079;0,0029186148042624283;0,002588845355993336;0,002156995521675396;0,0021084139007143676;0,003566039803055381;0,0003405811737268648;0,002052387364009129
1889;0,004116825688730127;0,008393403394230907;0,0024288475157975753;0,0024288475157975753;0,0009096696105968607;0,0004847489630524901;0,0029792485293000937;0,0028436565376718397;0,0022178852564788292;0,002101508912996256;0,003485523640327821;0,00032294271282548185;0,002110390908325956
1890;0,004261490435705387;0,008186119885067455;0,002378329580616472;0,002378329580616472;0,0008250567134382436;0,0004927463643460735;0,003010137879755348;0,0030074111886538696;0,002146243033556467;0,0021868279873160645;0,003459483299853413;0,000305964035110914;0,0021784760974696837
1891;0,003997456328111834;0,007346975274101299;0,002281137000993892;0,002281137000993892;0,0006483967094287177;0,0005010679420333222;0,002879026136984716;0,003180806197633501;0,002150895072970473;0,0023264383084356916;0,0036253122483945587;0,0003110352931149204;0,002071261717771579
1892;0,004010794041927771;0,006966214121868168;0,002220854055069919;0,002220854055069919;0,0007766992894175928;0,0004978121653818692;0,0028400799107787733;0,003268166593833095;0,002288674347385365;0,002389721755337502;0,0036337563610036993;0,00029155172407107396;0,001997747287012836
1893;0,0037903115818543097;0,006491290436575323;0,002123000610611468;0,002123000610611468;0,000676109818544189;0,0004997615763256492;0,0027006613890989684;0,0033739311350343216;0,00235704020659406;0,002497848981874995;0,0036705444342390236;0,00027257241786823476;0,0019425932285750086
1894;0,0037133635487407446;0,006602224467704738;0,002035330544458702;0,002035330544458702;0,0006497873723024636;0,000495514086651383;0,0026330172789000373;0,0034963692866897744;0,0027335518357826266;0,002424245238736538;0,0036801059260531998;0,00027559360660234233;0,001930268821784661
1895;0,003735443273658997;0,005997409711458853;0,002029806169697882;0,002029806169697882;0,0006747001537275667;0,00043995853177745763;0,0020590521151981583;0,003551146229645903;0,0028715836119122934;0,0025419406613634366;0,003720448148669675;0,00032324578244567547;0,0019405072115270222
1896;0,0038225990075651294;0,006158412049574378;0,0021700136130675673;0,0021700136130675673;0,0007233360845150726;0,000451587051689525;0,0019863183427202913;0,003620398014650813;0,0030031336791580543;0,0026115202282588662;0,003808584213922066;0,000352768402730622;0,0019457453812979759
1897;0,0038051568221167797;0,006081735513622074;0,0024323807468005854;0,0024323807468005854;0,0008963571807336329;0,00047418175199709367;0,0020215369659126736;0,003696487328852527;0,003073632875124791;0,0025577988968247417;0,003817874052661604;0,0003571588909575699;0,001750385087819138
1898;0,0038542481758798075;0,006228649103182502;0,0026065567518734106;0,0026065567518734106;0,0009410281693687597;0,000495856284032925;0,0022144366084830835;0,003732419073847788;0,0031361224370942053;0,00248536767425581;0,003792923754580053;0,0003798405097248698;0,0016995000935691807
1899;0,00376539516894679;0,00617192818026524;0,002640257194538468;0,002640257194538468;0,0009371353761317941;0,0005248479413109765;0,0022616543511893334;0,003838207651694704;0,003123352949582373;0,002498289177310653;0,0038150144973769784;0,00040516016334939716;0,0015972095362875344
1900;0,0037299692069479662;0,006237407433218323;0,00261682640224795;0,00261682640224795;0,0009411816855780281;0,0005384830858799562;0,002342577655716533;0,004097484790171231;0,0031027900799277374;0,002612334148060264;0,003972299029036159;0,00041520727336319396;0,001613900829917319
1901;0,003866264108052876;0,006187454242275894;0,0026695441712425755;0,0026695441712425755;0,0009385458465008664;0,0005731876431777241;0,002352480415928377;0,004395614918653986;0,0028516022471844087;0,00270924813646291;0,0041401107799694204;0,00046703207122586064;0,0015679502082223606
1902;0,003922194186348601;0,00620942638696371;0,0026671157164465903;0,0026671157164465903;0,0009136027399238497;0,0005898042348105394;0,0023171988557026324;0,004643761816883593;0,0027695097742252983;0,0027408349134410465;0,004199216969677114;0,0004719015448374973;0,0015774137864354998
1903;0,0038270444097828916;0,0063870631752901575;0,002625974931496395;0,002625974931496395;0,0008629107794279531;0,0005961282178239864;0,0025030920889029013;0,004607688554512736;0,0026455611077835783;0,00278218810438245;0,004173812080158054;0,00045082070495742045;0,0015339888964912723
1904;0,0035485386043936683;0,00607951135732167;0,002316708274260496;0,002316708274260496;0,0007113148447907795;0,0006112648277069509;0,002500242538059995;0,004748867442166167;0,0027962663287845707;0,0028652550879217286;0,004146102479093575;0,0004531564140311925;0,0017486095072984298
1905;0,00352613005816238;0,006070448112690688;0,0021660455916259836;0,0021660455916259836;0,000745634653347744;0,0006477292182743051;0,0023720904729478726;0,004917410115012899;0,00279405051384986;0,0029507126912773985;0,004009170827755172;0,00045184527997272586;0,0017975722715034082
1906;0,003604802337317129;0,006083925680806195;0,002158670810916062;0,002158670810916062;0,000594706684101506;0,0006751449875862038;0,0025121388846725623;0,004889967073852729;0,002699848040979954;0,0030583980073320815;0,004005447304474988;0,00047308866604518177;0,0017487480493270724
1907;0,003832859692920465;0,005885829887120053;0,0022539963798148426;0,0022539963798148426;0,0005630717428825197;0,0007178029396267707;0,00254017403286915;0,004863072224127661;0,002619456141214219;0,0029575445036503618;0,0037373244725001442;0,0005073970442026621;0,001692272871878231
1908;0,0037610486937670173;0,005775854567348558;0,002260097296259898;0,002260097296259898;0,0006220375520829943;0,0007379186692040614;0,0025987031871669126;0,004649788336662043;0,002539171016126472;0,0029271399138711524;0,0036890028111104456;0,00046799244890800243;0,0016949328840252876
1909;0,0037899261899708237;0,0058038689270948195;0,0022256952174107675;0,0022256952174107675;0,0006317041814846951;0,0007549517249572091;0,00262118911840454;0,004598891090219175;0,002564851612467984;0,0029292396772819173;0,0035258252734950346;0,00044119546730923636;0,0016247915352453545
1910;0,00398245743521589;0,005644317882667694;0,0022723972506355494;0,0022723972506355494;0,0006172556887967014;0,000785960212722005;0,0026865035449320984;0,004791472643514031;0,0025172000407889883;0,002871926517400425;0,003517588889475779;0,0004655663587982417;0,001656771447804723
1911;0,004247046100707459;0,005786975920532963;0,0022462603478093763;0,0022462603478093763;0,0006611139074915887;0,000780513625743749;0,002667500796503321;0,004859498273747574;0,0023253340779254878;0,0028688343653422116;0,003561658948975881;0,0004817893665988647;0,0014204366899710813
1912;0,004364847128662015;0,00587990772536224;0,002234966554429515;0,002234966554429515;0,0006179898264235817;0,000787738846546355;0,002763996339386462;0,004766513874138971;0,0022267324571397956;0,0027924038866850814;0,0035662800655700266;0,00047006081526238376;0,0013659990535026217
1913;0,00423745644054309;0,005830948066432029;0,0021522539879827362;0,0021522539879827362;0,0005893137703034361;0,0007649346246450608;0,0028124161482472637;0,004874043068931704;0,0022278712224631037;0,002761277599867234;0,003675924485183454;0,0004442512947987;0,001354527570843597
1914;0,004273653550106766;0,005877491068011815;0,0020441056611681624;0,0020441056611681624;0,0005927672386211011;0,0007738971752197748;0,0029740268083904603;0,004731371830400478;0,0022026675911287646;0,002677388848886559;0,003653697578036892;0,0004338420954549552;0,0013482708579561273
1915;0,004291844899333748;0,0058288669346698695;0,0019237610623739393;0,0019237610623739393;0,0005028941554233565;0,0007572394289517044;0,003002960667280214;0,00478020244502529;0,0021820286357459345;0,0026274953207965674;0,0035498583851481923;0,00045201453044033514;0,0013400673846522945
1916;0,004332769770241741;0,005929544516090702;0,0019161306876672563;0,0019161306876672563;0,0004466982773010386;0,0007423341750316988;0,0030527431850454635;0,004631273727032489;0,0020574360470553593;0,002557128521272846;0,0035803601349471137;0,0004568365868960557;0,001326525619203624
1917;0,004230630344993967;0,005795058677904308;0,0018686007803937954;0,0018686007803937954;0,00042312429156611737;0,0007324352022156486;0,0029429984351736493;0,004432863092266156;0,002062281938768657;0,002478506498196761;0,0035418992670851624;0,0004565355311569874;0,0013429372432126132
1918;0,004227063462686991;0,005756579620148321;0,002328497378454943;0,002328497378454943;0,0003526082374654444;0,0007430389879508377;0,002879804300651553;0,004270076689343634;0,0020623112764691803;0,0023502399666800295;0,0035736746732644474;0,0006499982029189206;0,0013079215802593222
1919;0,004224055114069155;0,005621933243154282;0,0023596868621617822;0,0023596868621617822;0,00029909929578155115;0,0007124045493713181;0,0027449358770224664;0,00431892487020897;0,002034312248205034;0,002451148429827299;0,0035513058329732826;0,0006567561513293185;0,0012353210617480467
1920;0,004341110876079516;0,005595502859380629;0,0025092207839147057;0,0025092207839147057;0,000316924333024612;0,000719411361517684;0,0026448054216286565;0,0042984115550228;0,0021880260776794913;0,002321512952871022;0,0035605204694937652;0,0006758624489780882;0,001296377493937533
1921;0,004357566857444388;0,00596146471382651;0,0025781158910831437;0,0025781158910831437;0,00029719957573044146;0,0006908816950661796;0,0025368547929766855;0,004388164857768321;0,0022432636147381607;0,0022890209428234293;0,0037599630949054176;0,000662997815327669;0,0012997718580923642
1922;0,004501539349023785;0,006373295556321474;0,0026193376470473595;0,0026193376470473595;0,0002976887507039854;0,0007023928187014203;0,00255056638707174;0,00428655647348413;0,002177740368227075;0,0022655940223817845;0,003801796836861675;0,000681943116173248;0,0012764790101625425
1923;0,004494847598834895;0,006397214279526711;0,002727278271257611;0,002727278271257611;0,0003343676585895342;0,0007205121619335841;0,0025716980287273017;0,004370796731174258;0,0021898003719148357;0,0021988830277613097;0,0037869627703912556;0,0006950605828543692;0,0012150288837022214
1924;0,004526982853089326;0,006308491252379358;0,002731450565209213;0,002731450565209213;0,00034157575165798856;0,000716331643551322;0,00257793167942769;0,004451952710431735;0,0021033443512611222;0,0021424054856262436;0,0037296097746418256;0,000711379834683612;0,001098097319689779
1925;0,00466781343025754;0,006191556479149898;0,002352277780508822;0,002352277780508822;0,00037310026722739816;0,0006787281953230766;0,0025815839243088184;0,00463339284968762;0,002012940941702774;0,0021515202596284716;0,003649679222559955;0,000507542797225012;0,001111083487817918
1926;0,004738391258537636;0,006317924167628266;0,002360055857155073;0,002360055857155073;0,000378827254670406;0,000672535608308473;0,002606954253029211;0,004703061806919452;0,0019441628345313283;0,0019707831078059307;0,0036552442907122895;0,000487054590589001;0,001154179179658448
1927;0,0048710213637345335;0,006633517945634335;0,0022730281801029506;0,0022730281801029506;0,0003590427955454548;0,0006562750253838853;0,00256837229244411;0,004776726096419485;0,0016558519096828866;0,001914554559334647;0,003473065485845187;0,0004540699949627326;0,0010815484529302921
1928;0,004749433043928418;0,006291182320897601;0,002219801795685531;0,002219801795685531;0,000336452892822438;0,0006384512484406254;0,002460276742307802;0,004713089635645572;0,0015367651160756524;0,0019194696765875313;0,0033399107841043064;0,0004431850844152255;0,0010318256629813863
1929;0,0047204875694920444;0,00634890841735926;0,002294391846849716;0,002294391846849716;0,0003555451127925023;0,0006232844888082971;0,002382985180052596;0,004672169286225524;0,001549822861436821;0,00182558243458126;0,003265895585562768;0,00041564058262468146;0,0010229622603219468
1930;0,004723199059039221;0,006247250192765412;0,0023007651699507342;0,0023007651699507342;0,0003216345541139682;0,0005879751630085853;0,0022190955080856967;0,004575360643294906;0,0014796332054954422;0,0017855802590409958;0,003267816386401786;0,0004000881777496293;0,00103128316238456
1931;0,004633266196054008;0,006495945386372373;0,002325253080925904;0,002325253080925904;0,00033459183928893514;0,0005848838229992127;0,0021237245164229535;0,004542291779736323;0,001428111993716032;0,0018030260045114638;0,0033067955623014966;0,0003689064474851226;0,001015811072388065
1932;0,004608827553706111;0,006538486819148861;0,00233297079310952;0,00233297079310952;0,000304542647557225;0,0005999386758048786;0,0020961900060813476;0,004508185468564209;0,001373527252975951;0,0018076264885686605;0,0033185029938717237;0,00039479811805774394;0,001003006725243592
1933;0,004722873096138106;0,0065040472691180184;0,002387101397159443;0,002387101397159443;0,00031408353931640576;0,000626092248369657;0,0021401502505926017;0,0043199960470831555;0,001369696331364269;0,0017694042461308917;0,003303967969259247;0,0004177528288502279;0,0009651808925679819
1934;0,004891322792640754;0,006142682416663905;0,002397231894844611;0,002397231894844611;0,00031804677941441435;0,0006370007473118936;0,0021405984495816354;0,004084104200176496;0,0013929190182742396;0,0018217710021417588;0,0033514049261741874;0,00046867788309360294;0,0009192048310069367
1935;0,004993725763467539;0,005994815364829265;0,0024250442688103896;0,0024250442688103896;0,00034439303167995865;0,0006435353238235361;0,0021271989161115406;0,0041493717227630055;0,0013885716206069837;0,0018507472174990524;0,003307937160051162;0,0004860872162940463;0,0009450684566607898
1936;0,005054470238974318;0,0056559663789812475;0,0024297949754067565;0,0024297949754067565;0,00034819167272611855;0,000649397744772224;0,00218666217343915;0,0041539435187587515;0,0014125004002250665;0,001899198572833224;0,0032853695302037522;0,0004897387985433202;0,0009055450521243205
1937;0,0053116020093771765;0,005662700173810923;0,00240562460801032;0,00240562460801032;0,0003595865434493005;0,0006615846554528357;0,0022934174142262365;0,00406206475288075;0,0013870145656775484;0,0019091753918993554;0,003204609856766183;0,00048561448043723686;0,000856466035007283
1938;0,0055371193801485264;0,005432202773850544;0,0024248518976881833;0,0024248518976881833;0,00038080664970558634;0,0006527592177008046;0,002381751931222555;0,004012419542829905;0,0014034076100090584;0,0018756660210783593;0,0031054420885214184;0,0004826021950066206;0,0008437163484943863
1939;0,005513854713561679;0,005598867574008182;0,002465689535061496;0,002465689535061496;0,0004949762732004663;0,000651690879749367;0,002420570438386806;0,0038290903570928746;0,0013939740191355149;0,0018322375711120132;0,00299764313760014;0,0004559734699276825;0,000817913684971115
1940;0,005439097575227996;0,005677210252283008;0,002464705799606496;0,002464705799606496;0,0005254885471523656;0,0006334951649478171;0,002405128491643284;0,0038168118148210594;0,001360261869974368;0,0018360850455272676;0,0029346815218949424;0,0004358212988466091;0,0007865812871646735
1941;0,005188039930154835;0,006001635587641171;0,0025467961157638846;0,0025467961157638846;0,000731298187669641;0,0006354469535706032;0,0024117376077421276;0,0037075226438381447;0,001309350123587397;0,0017783344186942224;0,002852535076921673;0,0003917491117785435;0,0007669558791738901
1942;0,005346008349858623;0,006594268987620515;0,0025604993944788085;0,0025604993944788085;0,0007362356849885795;0,0006403925778743412;0,0024800080219782622;0,0035467257475829683;0,001293655129432279;0,0017171219172139119;0,002851480374894371;0,00036713475830245964;0,0007063848183211771
1943;0,00560069721749252;0,006799987178445528;0,0024841644127653645;0,0024841644127653645;0,00074323422722955;0,0006336240988145749;0,0024146879046124275;0,003474536398633583;0,0011689648220323892;0,001677944575411467;0,0029091945179970935;0,000354436464736604;0,0006932030763502033
1944;0,005718160796927155;0,00697394170856569;0,002511101566986846;0,002511101566986846;0,0007423479441318445;0,0006345072376591686;0,0023589430773946723;0,003409996679692995;0,0011815324277059907;0,0016279276678687893;0,003009477820471927;0,0003466091032221032;0,0006633368684560992
1945;0,005888786836294457;0,007061304911206077;0,002476882556428401;0,002476882556428401;0,0007273443608417958;0,0006697051178759596;0,0022345203823143883;0,0033166450521093793;0,0011360008621912649;0,0016071480786195025;0,0030208671107954744;0,00034337429042352596;0,0006484668964341316
1946;0,005959071755309456;0,007208692737289571;0,002490518818376586;0,002490518818376586;0,0006468426525836028;0,0007144810427104988;0,002188028234481213;0,0032665141718877877;0,0010925525072837314;0,001587744528868435;0,0030404888873038416;0,00032228068188747523;0,000604827807494855
1947;0,006028901563175688;0,007137784528562665;0,002468151147435752;0,002468151147435752;0,0006278777326380285;0,0007129941552973053;0,0020760482324736324;0,00321345170440119;0,0010858979424353623;0,0015480770993495491;0,0029971071593796034;0,00031489933332652854;0,0005977008835803385
1948;0,005903932573606393;0,007053681526615816;0,002360536382184364;0,002360536382184364;0,0004392158611413574;0,0007101838751363435;0,0020187699971886885;0,00321484052879636;0,0010884062508661632;0,001512423347906276;0,0030658054518945778;0,0003105259500963647;0,0005891684915176094
1949;0,0057476336223771796;0,006639894594887405;0,0022991247273499277;0,0022991247273499277;0,0004309570320921401;0,0007069358356862462;0,0019352299724622363;0,003142294579967191;0,0010774045871845114;0,0014590316693231995;0,0030744066732170594;0,0003108435618872006;0,0006057056842629598
1950;0,0054907846268698835;0,006582071000593714;0,002280925114713942;0,002280925114713942;0,0004118477883301759;0,0007152172007148952;0,0020040094958468607;0,003025408737552685;0,0010789326032473972;0,0014525187257926778;0,002978436558415914;0,00031632385863693865;0,0007227901278383797
1951;0,005225542762283502;0,006506703721242957;0,0022037162904910345;0,0022037162904910345;0,0004124984668253871;0,0007224691476689518;0,0020563972222069943;0,002984512580691704;0,0010527044001459476;0,0014332471697084007;0,0028569962783616836;0,0003066881293177305;0,0007635584422262451
1952;0,005022925688535906;0,0064852238470588675;0,0021636111861360924;0,0021636111861360924;0,0004437267015029127;0,000716727468638315;0,0020420637416204306;0,002916884243729458;0,0010604725113288233;0,001410083989737489;0,0030420868954804193;0,0003126101481549475;0,0007553632453241985
1953;0,00526441576117317;0,006454314851518055;0,0021202742573223077;0,0021202742573223077;0,00041093784537744274;0,0006658126494585304;0,0020946195166158888;0,0029143317858272766;0,0010640618191765888;0,0014147473328713594;0,0030724416189644088;0,00031319604139363425;0,0007528635446111106
1954;0,005374815217302447;0,0065082108319204825;0,002056031553365756;0,002056031553365756;0,00043058132632722845;0,0006620144046922048;0,0021582473761684795;0,0028836460582429674;0,001039803282765206;0,0014171673813377441;0,003149442324813988;0,00031278731122646216;0,0007383239725251249
1955;0,005640757964491578;0,006460230360971764;0,002111445116627562;0,002111445116627562;0,00041948774521318095;0,0006769058342927435;0,0022059797109769924;0,0028574183618599947;0,0010325145272612904;0,0014074215999114262;0,0031374859515511033;0,00031183915650347317;0,0007301672602417446
1956;0,00584164382806713;0,006580632283917762;0,002099352916827359;0,002099352916827359;0,0004945832740434396;0,0006858229426143225;0,0022266160678035313;0,0028481785973001805;0,0010056700375571381;0,0014270859797501803;0,003179032968806236;0,000298022704165695;0,0007125611903445263
1957;0,006046185028805796;0,006541685953769567;0,0021684438511978704;0,0021684438511978704;0,0005220632861632371;0,0006791591593875117;0,0021016143104394098;0,0029399264738978153;0,0010097385711560491;0,00139753249511289;0,003208456577600113;0,0002785013033904501;0,0005861480661094122
1958;0,0063499603649168936;0,006445086130822477;0,002151424814655911;0,002151424814655911;0,0005442984794561718;0,0006764402769476874;0,002082222792003969;0,0029098511731717736;0,0010023478872816277;0,0013558617605927534;0,003242763731187941;0,00027955159436844824;0,0005866523939143267
1959;0,006610597899582769;0,006495962848670647;0,0021433959253564744;0,0021433959253564744;0,0005156434586492001;0,0006591813611781358;0,0021136482506075743;0,0028716414817608893;0,0009818805275634596;0,0013264802094324426;0,0030666063009578337;0,00025552945187103305;0,0005864527793164598
1960;0,006612466365498091;0,0062683719858926314;0,0020512469615953577;0,0020512469615953577;0,0005353851065592607;0,0006795456816429837;0,002085856976918876;0,0027467396129005855;0,0009758686506497075;0,0012623607939791068;0,0031714323735546456;0,0002631014142804945;0,0005947650671649691
1961;0,006607524742971041;0,006175940143293701;0,0020850500732194632;0,0020850500732194632;0,0005142731554639925;0,0006919826124171127;0,002033101061117902;0,0026784512686260442;0,0010212389757465903;0,0012306690093412595;0,0030956003683968447;0,00025634845184997957;0,0006009153496831589
1962;0,006683028602440442;0,006039971361003284;0,0020188880496009786;0,0020188880496009786;0,0005225214213818877;0,0006797439060132352;0,002001477384640436;0,002613607596556124;0,0010438549907121342;0,0012165980608967533;0,0030456156049954836;0,00024703135750314686;0,0005945121431847968
1963;0,006790523912059143;0,005834615876665339;0,0020551649608283435;0,0020551649608283435;0,0004552006105638741;0,0006720158970503169;0,0020031004428996573;0,0025621579490169616;0,0010349674734503164;0,0011882104315321027;0,0029510750859377106;0,0002568950419247683;0,0005847370760290817
1964;0,0070239453634712845;0,0058522225507268944;0,0020100659509937812;0,0020100659509937812;0,00043562520204432076;0,0007063598721807855;0,0020362771725298706;0,0024471220448114245;0,0010111863048223313;0,0011595012438192498;0,002914617678990388;0,00025283997859202955;0,0005597912409679598
1965;0,007169354856679482;0,005950006171977813;0,0020239409942795256;0,0020239409942795256;0,0004935212375910071;0,0007133838218058892;0,0020442255585554187;0,0024343088235972182;0,0009776221694275072;0,001174229588026979;0,0029026556928459157;0,00024600073759626994;0,0005052107943421495
1966;0,007288275498597483;0,006083627262601762;0,002038921177570176;0,002038921177570176;0,0005061036940138105;0,0007124225508700224;0,0020993220199930613;0,002436849613981654;0,0009754265842535201;0,0011677554669274417;0,00291717192989641;0,0002435877312174333;0,0004982127003521393
1967;0,007162362453527749;0,006015133528437998;0,002064393499624982;0,002064393499624982;0,0004957228968903239;0,0006965580658808383;0,0020542730843382223;0,0024128167881696883;0,0009764686183189042;0,0011411511617812461;0,002748788678478117;0,00023112538981097586;0,00048187659038896006
1968;0,007110611373458855;0,0060187333604387406;0,0020406458133948036;0,0020406458133948036;0,0005028079515666052;0,0006859917448309716;0,0021037880547477733;0,002374142968619708;0,0009251175470126327;0,0011135524800920393;0,00273329127854335;0,0002239134736165787;0,00046487111181444816
1969;0,0070952962102767605;0,006097560877346301;0,002043577686501002;0,002043577686501002;0,0005124272677546417;0,0006900424328445556;0,00218315495398461;0,002355802618175013;0,0008975701608246059;0,0010876389361718403;0,0027435968669513905;0,00022625398027490258;0,0004740069990865388
1970;0,006952301295573957;0,006107257805914352;0,0020048612246422897;0,0020048612246422897;0,0005042844252654634;0,0006848227842835643;0,002133459072086095;0,002379946428326158;0,0009035437090330692;0,001077417657922654;0,002759785534830631;0,00021651618940917876;0,0004702712366062249
1971;0,006682799149919967;0,005928212392193798;0,001969175173144322;0,001969175173144322;0,0005250049525784561;0,0006476346763000558;0,002097426996832447;0,0023756456617515403;0,0009086921766408654;0,0010687150409337068;0,002828860773921146;0,00021643958721792193;0,00047675353666168775
1972;0,006374430397824784;0,0058611588818686345;0,0019157790770155509;0,0019157790770155509;0,00046071972324820563;0,0006434071695236655;0,0020307256428558113;0,002353114385706639;0,0009289550949428563;0,0010517972961159622;0,002835244595189579;0,00021924099006095536;0,00048405243303152796
1973;0,006143076357797586;0,00555714889612448;0,0018899990339247908;0,0018899990339247908;0,0004617993324375545;0,0006468801984738093;0,0019884139484409907;0,0023115764893840867;0,0009210277182449187;0,0010332079130291408;0,0028208675887851442;0,000226878091780236;0,00047965713747544214
1974;0,0062199542298913;0,0055935311788094366;0,0018616335052813937;0,0018616335052813937;0,0004663269399835761;0,0006537318313348806;0,001972140775511174;0,0023425251388938966;0,0009103955952533787;0,0010389430956690507;0,002870722216487463;0,00022392665479336368;0,00047991533002849404
1975;0,0062937646621971256;0,005690099299369779;0,0018937437354387449;0,0018937437354387449;0,0004928024217016562;0,0006620318994724325;0,001952209121165132;0,002342358701363472;0,0009276636124663387;0,0010484588528925087;0,002948208436594411;0,00023105970480433565;0,000480821563542122
1976;0,00628527465908389;0,005769465496996418;0,0018827614829725853;0,0018827614829725853;0,0005158086423762143;0,0006638800446775609;0,0018653008217890082;0,0023410660495366237;0,0009230644926511949;0,0010452556385384274;0,002936545362380067;0,00022626295503869187;0,00046126143128536314
1977;0,006534670475437971;0,005869536055667725;0,0018943503164337017;0,0018943503164337017;0,0005478966808628424;0,0006872688183128568;0,0018922710296465084;0,002290155134687666;0,0009356759749477664;0,0010229482541035395;0,0029293144637319657;0,00022044219381963818;0,0004531168607562515
1978;0,006532432910587107;0,005951083221589215;0,0018806836513769148;0,0018806836513769148;0,0005466465738988648;0,0007042467911690307;0,0019481959628007773;0,0022733802065236625;0,0009252614420672347;0,0010027948259708605;0,002860588626520309;0,0002168635920237908;0,00044182617265115757
1979;0,006512316602831041;0,006046461307310632;0,0019415594839041921;0,0019415594839041921;0,0005692956814787717;0,0007311301357861209;0,0020144305900820264;0,0022573866122651714;0,0009168335444493486;0,0009925898146840545;0,002825975648842619;0,00021421606918790658;0,000435148584594052
1980;0,006578026503640493;0,006226903600950859;0,0019617103524589246;0,0019617103524589246;0,0005670482486103927;0,0007361384827423276;0,002022840089921374;0,0022153382815304212;0,0009528006817812898;0,0009906838516014563;0,002789667139170758;0,00021513720217366687;0,0004438773040809403
1981;0,006514862668284747;0,00632244731865025;0,0019530013949926278;0,0019530013949926278;0,0005823462418317961;0,0007435398986542298;0,0021239232280225095;0,0021479003927587265;0,0009785487106585475;0,0009723394733945107;0,0027361337613131453;0,00021337491326838584;0,00044267977890350655
1982;0,0065339103977229175;0,006197285516204179;0,001931171911045177;0,001931171911045177;0,0006260050408205384;0,0007424953309964621;0,0021330209814810325;0,0021217934253010234;0,000993416805223595;0,0009410047303910168;0,0026909688001199228;0,00021471273125176334;0,0004509767547590725
1983;0,006413573022915184;0,006092951194399835;0,001988417612405361;0,001988417612405361;0,0006528204461834061;0,0007681929608744603;0,0022135481880728287;0,002105108744996999;0,0010073289039220462;0,0009298087596627219;0,0026638745891562265;0,000217529855360356;0,00044821801046574753
1984;0,006264669199091648;0,005983564863397207;0,0019759559498717344;0,0019759559498717344;0,0006998491114375481;0,0007909511428546726;0,0021857067362621558;0,0020803771933840054;0,0009875497198663652;0,0009285945712430735;0,002619360644270533;0,00023076242022008434;0,0004446318208855311
1985;0,006453448025110577;0,006015851457570014;0,0020226288532804964;0,0020226288532804964;0,0007524869163587157;0,0008065142667744243;0,002190105650307877;0,0020630841130956207;0,0009855644358529908;0,0009167080991444112;0,0026204505567355746;0,00023529037857120523;0,0004670804498476043
1986;0,006614176215537424;0,005994786312969934;0,0020233269294424516;0,0020233269294424516;0,0007640755614245012;0,0008010802568086156;0,0021882264523550737;0,002049800501221658;0,0009749063792696688;0,0009038001085822803;0,0026131967388209887;0,00024100276862424962;0,00046172767724783625
1987;0,006665395215220218;0,0059366984455014715;0,0020384260746400935;0,0020384260746400935;0,0007791526253900624;0,0008192883472345005;0,0022334063032758422;0,0020363834534821634;0,0009464949991005206;0,000893838114279788;0,0026121990231331438;0,0002378908155671005;0,0004453941528481664
1988;0,006597287886376892;0,00586041844923914;0,0020521676560747437;0,0020521676560747437;0,0008055456873989897;0,0008222534883576113;0,0021362266644635902;0,002044571894137854;0,0009401969821608094;0,0008910674815914327;0,0025762972654774785;0,00024023607433524115;0,0004317443719108789
1989;0,006597414903808385;0,005977180678330894;0,002076273865116361;0,002076273865116361;0,0007925976660771994;0,0008413254493331937;0,0021538990040426143;0,0020651788093216184;0,0009094741471926682;0,0009044975740835071;0,0025314750538590097;0,00024148015264862418;0,00040878750106847813
1990;0,006656577274303086;0,005936845367874152;0,002051139823119489;0,002051139823119489;0,0007961325211778916;0,000879323150521876;0,0021105674802259144;0,002079661758866028;0,0009020439782554085;0,0009237113252830958;0,0024841484056586133;0,00024928562782276586;0,00040133367552438613
1991;0,006611946758182188;0,005894305078462432;0,0020900743038509972;0,0020900743038509972;0,0007915198368989098;0,0009014118924304576;0,002159862067076444;0,002088107664479009;0,0008983816379830906;0,0009443217355250713;0,0024250407347738345;0,00024561145437473897;0,0003864970202422617
1992;0,006606406116458987;0,005933661096995431;0,002108443654183897;0,002108443654183897;0,0007996568131472617;0,0009251567072559347;0,0022373633847954416;0,002077061565484785;0,0008967526290299638;0,000963392215323568;0,0023717745664596024;0,000247197944450558;0,00035298603506817017
1993;0,006561713027102607;0,005860353069562864;0,002130961261822709;0,002130961261822709;0,0008720661753613967;0,0009433057130081579;0,0022514418950387543;0,002082131660634851;0,0009015118718837453;0,0009862056166249594;0,0023377249557857533;0,00024861596687385045;0,0003501419931646004
1994;0,006580532395413943;0,0058256200905556655;0,0021550845433791566;0,0021550845433791566;0,0009415613801268461;0,0010042777570821013;0,0022765477946709973;0,0021464983417120364;0,0008909075404517353;0,0010090865544043481;0,0022925256156928037;0,00026289673899425125;0,0003370030169337822
1995;0,006857710832264274;0,005874789297065165;0,002189035772711837;0,002189035772711837;0,0009653077540860977;0,001048417211027949;0,002333733729236493;0,0021710833867213558;0,000877729975659999;0,0010251605999656022;0,0022420049520275953;0,00026992944900225017;0,00033556863010224855
1996;0,006986292074933382;0,005844121343605886;0,0022045188805870047;0,0022045188805870047;0,0009966192140252264;0,0010966165713658224;0,002371641754247581;0,0021842089544017135;0,0008838735733921307;0,0010338042946906561;0,00221354506980528;0,00027706631564277425;0,0003333158636970828
1997;0,00714040215825662;0,005854336736125073;0,0022523185959601377;0,0022523185959601377;0,0010245230831580038;0,0010900380402745213;0,002418036430234289;0,002195284521024275;0,0008703988636885437;0,0010363201909058262;0,0022086285493319985;0,00028246921764158675;0,00033722178613970755
1998;0,00719412138486015;0,005891276668990031;0,0022448266203615014;0,0022448266203615014;0,0010346483447522456;0,001131473735378157;0,002501697053958196;0,0022070591772457454;0,0008689068116447224;0,001029417541888376;0,0022060613576156485;0,00028871088813632796;0,00034397410867573593
1999;0,007227333013101347;0,005922222564030173;0,002276161519278373;0,002276161519278373;0,0010241335985483602;0,0011530832905139374;0,002502770647489732;0,002221808452824397;0,0008537853968196682;0,0010339884673677652;0,002192172541981563;0,00030034073331210365;0,00035248899621365126
2000;0,007351670917289863;0,005937684753527199;0,0023186796430049333;0,0023186796430049333;0,0009902760471699626;0,0011865902836559275;0,0025547181004575187;0,0022533845757217413;0,0008431776093077911;0,0010358231260657444;0,002145524454785378;0,00030298800603694484;0,0003514598574838601
2001;0,0073114969252076525;0,005983426464289161;0,0023686516474949065;0,0023686516474949065;0,0009542538984013455;0,0011905138957705016;0,002602253854482634;0,002246282461523411;0,0008417310190062771;0,0010372976508473844;0,0021197035104186007;0,0002957155239918003;0,0003645175378811213
2002;0,007277685758059047;0,0059261553230628905;0,002437454246059393;0,002437454246059393;0,0009435667379875667;0,0011936311368897026;0,002650877338185507;0,002245588854878276;0,0008361933526300294;0,001048495271658924;0,002116515627546635;0,0003049000335002867;0,0003770557506348788
2003;0,007221601741288655;0,005841970154766126;0,0025044830700997928;0,0025044830700997928;0,0009114746717386879;0,001203070249695364;0,0026658674479611883;0,002242146781229946;0,0008333602636412252;0,0010797249420388003;0,002096754438493268;0,0003089040287055208;0,00039193302784821886
2004;0,0071742643610507775;0,005816512670467741;0,002524527241933226;0,002524527241933226;0,000881648429640336;0,0012261538099015265;0,002676246289671066;0,0022292784966079387;0,0008273717347557458;0,0010997245356390653;0,00208176310739613;0,0003062529133655646;0,0003963769781226542
2005;0,007143464712758682;0,005838440899554241;0,0026142713717750405;0,0026142713717750405;0,0008423454931159671;0,0011939359605353925;0,002697244625388911;0,0022366210812054177;0,0008294276865074477;0,001125632518648802;0,0020652232706197537;0,00030620275473276185;0,0004132110851579844
2006;0,007080053546815179;0,005721997331420425;0,0026466876988706645;0,0026466876988706645;0,0008380043027500506;0,001199557209474733;0,002700349917480101;0,002251150787439353;0,0008385754275271514;0,0011391995334027647;0,002050759121630108;0,00030401311429765576;0,00041708910885063233
2007;0,006967885565245524;0,005693595521734096;0,002665739411895629;0,002665739411895629;0,0008175926359399455;0,0012009808233415242;0,0027121652965433896;0,0022328642080537975;0,0008498778697685339;0,0011526198613864835;0,0020616522306227125;0,00030780821361986455;0,00042505670535319956
2008;0,0069886855271761306;0,005603588397207204;0,002675148607522715;0,002675148607522715;0,0008115126888696977;0,0011790924645538325;0,0026723736937128706;0,0022194622488314053;0,0008535290817235364;0,0011595427849897533;0,002059156850009458;0,00031834173910283425;0,00043241152525297366
