year;sierra;escalera;casco;malet√≠n;cono;cubo;linterna;chaleco;martillo;pincel;pala;manguera;taladro;polea;destornillador
mean_1800_2008;0,0018444633594004497;0,0008315128400675088;0,00062956150123959;3,076451416855667e-05;0,0006462632427894864;0,00025816723526768837;0,00018045323576082939;0,0001283438907563369;0,00034424271824700937;0,00036802190753586217;0,000317494377809392;3,116988359760419e-05;8,121528847554495e-05;0,00010001222748366444;6,158299915027107e-06
mean_1900-2008;0,0018613027872864925;0,0008363700841544531;0,0005333745489943556;5,673773755153179e-05;0,0005611918055391319;0,0002103537217916887;0,0001748598988112111;0,00014066864695933288;0,0003037410592787081;0,00032178804274188614;0,00029534782074968236;5,322291303614425e-05;7,620855650718364e-05;6,727490421126308e-05;9,014540142601945e-06
1800;0,0007596119303343585;0,0007074406539686606;0,0012182924820081098;0,0;0,0017750333427102305;0,0007599645527989196;0,0002882781785729094;5,1184544602733695e-05;0,0007443606136803282;0,00043205296265114157;0,0008600135686265276;2,1022174223617185e-06;0,00016898975019330464;0,0003694312624702434;2,7172294636557126e-06
1801;0,0007130136782507179;0,0006947956444491865;0,001044168366206577;0,0;0,0016112462253659034;0,0007245439883263316;0,0003093600003012398;4,912815114721525e-05;0,0006875192866573343;0,00046425984237430384;0,000861846815496392;1,6817739378893748e-06;0,00015768821754136297;0,0003047480896611887;2,17378357092457e-06
1802;0,0007108615363904391;0,0007181601404226967;0,0009493566039964207;0,0;0,0014941796052880818;0,0007472323886759114;0,0002786745653793332;5,218027633683656e-05;0,0006264572675718227;0,0004452249375693403;0,0008054506565713382;6,753930866428466e-06;0,0001340830742435628;0,00025502723192497945;2,3467315794315864e-06
1803;0,0008399095674706456;0,0007838867726864659;0,0010830477224642112;0,0;0,001500384197632749;0,0007557847441473443;0,00025401279799552867;4,5567555823871384e-05;0,0006093413763405156;0,00047335628486117845;0,0007551898404147193;6,630688277807297e-06;0,0001191363726401765;0,00026235821307198293;2,0114842109413596e-06
1804;0,0007812867871897261;0,0008307360790890275;0,0011086355763317052;0,0;0,0014690079167069467;0,0006876687751043521;0,0002591417228359205;4,7760075310472014e-05;0,0006077550941491998;0,0004695227581968149;0,0006852221336625267;8,56831984411396e-06;9,351548213893628e-05;0,00026357291795469403;4,587816602809523e-07
1805;0,0008020172572287265;0,0007318589447485076;0,0010762567204177945;0,0;0,0013556279035193647;0,0006346127585337464;0,0002071228457063106;4,8277831561043574e-05;0,0005190917395988695;0,00046871824516918944;0,000552432269224872;8,56831984411396e-06;6,269315981910495e-05;0,00020939335385605773;4,587816602809523e-07
1806;0,000993784202104767;0,0006264362371309419;0,0009604410284477386;0,0;0,0010506609344572229;0,0005471095196948486;0,00017925304039830995;4,2510876292161424e-05;0,00046610502652453894;0,0004252163535056752;0,0005035437295321442;8,56831984411396e-06;6,043971697725478e-05;0,00016099873475029978;4,587816602809523e-07
1807;0,0014713852514043019;0,000663848951327444;0,0009948026347826402;0,0;0,0009268937836688046;0,0005016714534836605;0,00016373244834864766;5,4457284091670636e-05;0,000416996899080654;0,00043194881657525135;0,0005007323222473912;7,3670527456215495e-06;4,962831309082308e-05;9,853284562869443e-05;4,587816602809523e-07
1808;0,0015401797489695518;0,0006303287250375433;0,0009586376596156956;0,0;0,0009185815607842024;0,00042065589858404043;0,00012549466004786934;5,7615685124444234e-05;0,00038501671367287466;0,00035847408363614316;0,00043507435358541055;7,3670527456215495e-06;3,355944352888075e-05;0,00010096084364720679;4,587816602809523e-07
1809;0,0015841886384545694;0,0008147090657725389;0,0009098254005428835;0,0;0,0008668312667785877;0,0003167898398714897;0,00014924746705803824;5,145171146279739e-05;0,00037731339749110963;0,0005236342157591675;0,00041234955980533935;2,779236244318132e-06;3,300075575347299e-05;0,00010004328032664489;0,0
1810;0,0014712256285877498;0,000768152408779445;0,0006460153802631144;0,0;0,0007207813593725275;0,0002104331396627198;0,00014372965527594976;5,198597433166339e-05;0,00031456646638616803;0,00048143053683296396;0,0004589912675458306;1,9376315663066634e-06;3,1544467558676714e-05;7,003851253882334e-05;0,0
1811;0,001478724594302808;0,0007193416016499603;0,0003434552898592561;0,0;0,0007114324294629373;0,00020699072495387682;0,00014571261033324845;5,46196882770086e-05;0,0002448833730081138;0,00044448391755785063;0,0004464646411049346;1,1494172724724194e-06;3,076941490170222e-05;2,9656804859509324e-05;0,0
1812;0,0019359197462368422;0,000976905656508669;0,00022028402051026727;0,0;0,0006622406479956615;0,0001869524258576608;0,0001771720154205728;8,527686381804804e-05;0,00021124012294291915;0,000491443399498946;0,0004258120822799226;1,1494172724724194e-06;1,4877910205411483e-05;5,244476954300938e-05;0,0
1813;0,002048214433411236;0,0010698039594509673;0,00029081358060726155;0,0;0,0008618255313714534;0,0002203269835782911;0,0002206493442307484;0,00015252873290754515;0,00028484345031236965;0,000511204452128108;0,00045904098767225927;1,1494172724724194e-06;5,528146849493558e-05;6,439030032977046e-05;0,0
1814;0,0016159543000477633;0,0010738829002678227;0,0002773818900030684;0,0;0,0008807577419897175;0,00023759216186850348;0,00021673915365941606;0,00014302427696780536;0,0002760583064238225;0,0004880399014187528;0,0005524423776088432;1,1494172724724194e-06;5,917461375507369e-05;6,828344558990855e-05;0,0
1815;0,0015355698126638473;0,0010958386285762703;0,00033191005692450356;0,0;0,000824904243147882;0,0002843530507691737;0,00021263462680768237;0,0001523104468706801;0,00033813026090813637;0,0005323827719751405;0,000627798470174769;1,1494172724724194e-06;8,185148203665449e-05;5,928181922497191e-05;0,0
1816;0,001489230174099378;0,0008946628245861835;0,0005706434348797172;0,0;0,0008429016036513662;0,00030850265245265163;0,000191807164031031;0,00023451337390107644;0,00033918900693866557;0,00036845932202465647;0,0006117727122857884;1,1494172724724194e-06;8,011626156141054e-05;6,488661889696752e-05;0,0
1817;0,0014870190885371162;0,0008564492808155982;0,0005912193858291305;0,0;0,0008576729474693171;0,0003589626398284703;0,00019859646727127256;0,0002379670287869625;0,00035563735504443424;0,00034935408328757537;0,0005404124781957112;1,1494172724724194e-06;7,881338319748465e-05;7,624146048458767e-05;0,0
1818;0,001503829876777932;0,0007872351391467549;0,0005967173641303296;0,0;0,0009178243544738507;0,00040433039560282074;0,00018196633878428007;0,00023748409968707814;0,000388766511605354;0,0004186709507588862;0,0005370596552113836;0,0;8,437181447464224e-05;0,00015272142214988499;1,6675293019423926e-05
1819;0,0012960120004988443;0,00056191710362847;0,000573187363832923;0,0;0,0009317828958696087;0,00036707788727393824;0,00016698986655683257;0,00020563068159974918;0,0004196975152938519;0,0003930952256528794;0,0005199048376068406;1,0238499571966843e-06;9,001956665802677e-05;0,0001529700812495451;1,6675293019423926e-05
1820;0,0009310100917251215;0,00047781047669559484;0,0004860605810920658;0,0;0,0007261004611791577;0,0003064462703150639;0,00011639453906095047;0,00013718675932393256;0,00035722420729403633;0,0003638206278213017;0,0005025398422731087;1,0238499571966843e-06;4,9008541428260545e-05;0,00014456638918350758;1,6675293019423926e-05
1821;0,0008769452571349185;0,00043536234508272694;0,0004718220647451485;0,0;0,0007160217462244743;0,0003047506733569857;0,00010185014502894774;0,00013925097692078583;0,000359421754378023;0,00034557916218805725;0,00041441784170664117;1,0238499571966843e-06;4,805878412688409e-05;0,00014656001984089277;1,6675293019423926e-05
1822;0,0009091840378719748;0,0004075362150095836;0,0004977917634667912;0,0;0,0007385423876777557;0,00027359943552645357;0,00012085152596747712;0,00014258325182124411;0,000304953838232385;0,0003097243230903197;0,0003435313828958897;1,963853029402734e-06;2,8201925163427533e-05;0,0001475000229130988;1,6675293019423926e-05
1823;0,0009793764093046775;0,0004001608756100593;0,00027739224281374063;0,0;0,0008072176959623384;0,00025427044972405256;0,00012706017855634855;6,834416491788684e-05;0,00031197710248826685;0,00030629652201241697;0,0003599942699241053;4,562553255839573e-06;4,275464594424453e-05;0,0001949087079416196;1,6675293019423926e-05
1824;0,0010463654754338286;0,00036443836636733195;0,0002919112034760474;0,0;0,000840076433762858;0,000220449864432989;0,0001223187885963333;6,851992233285793e-05;0,000329832914758299;0,0003476128751702033;0,00037107431580807315;4,562553255839573e-06;5,799005537353099e-05;0,0002014952978056174;1,6675293019423926e-05
1825;0,0011171269696725566;0,0004566576633026541;0,00029627017446338347;0,0;0,0007931666199770657;0,00017180638646355613;0,00014320407899504062;8,520106088586285e-05;0,0003127968771618076;0,0003797651044936044;0,0003672542918918355;4,562553255839573e-06;6,146868583657903e-05;0,00014723825450297618;0,0
1826;0,0009683005828264868;0,0005490103278914051;0,00040777503857368307;0,0;0,0007592261876457737;0,00018565735574936428;0,0001637098729848471;9,324088279884433e-05;0,0003358311037767895;0,0003551611095125346;0,00035282880617160117;3,5387032986428883e-06;6,839427036149053e-05;0,00014949592405904305;0,0
1827;0,0012299183578891512;0,0005867275733960144;0,001000783705811565;4,342785432852127e-07;0,0008015748984949564;0,000218311473482962;0,0001869580850260328;9,590116698226275e-05;0,0003858719830012498;0,00039432940509089216;0,0003280515589462344;5,275817471783739e-06;7,27240579375835e-05;0,0001793935322577259;0,0
1828;0,0013170758718063422;0,0007155964242753855;0,0010753792009511795;4,342785432852127e-07;0,0008512775756181717;0,0002213823271241771;0,00019944006989395087;9,509196031233711e-05;0,0004209910912322812;0,0004125173599537188;0,0003991108412394949;5,880501520648197e-06;8,429308715156887e-05;0,0002128112195163924;0,0
1829;0,001654144944041036;0,000752264194099033;0,00114931666368128;4,342785432852127e-07;0,0008446744686807506;0,00023361516241493518;0,0002000304423940439;8,948907504548385e-05;0,00043108009646987606;0,0004267531429442377;0,00037544554223651564;4,940498448442148e-06;9,45780478949538e-05;0,00022982987957220757;0,0
1830;0,001883793460625124;0,0007370745736677366;0,0012069669537595473;4,342785432852127e-07;0,0008026741332806914;0,0003319420004897568;0,0002576281100833252;8,17113930549697e-05;0,0004725816065079666;0,0004729638898684893;0,00036892046994450666;2,341798222005309e-06;0,00012808348515136458;0,00022539692443907758;0,0
1831;0,0020015211313355913;0,0007879372138372023;0,0012319929088075046;4,342785432852127e-07;0,0010065045509171405;0,0004279425427609697;0,0002779982196443598;9,044144024171276e-05;0,00047951795555231257;0,0004770202037564429;0,000362522379353842;2,341798222005309e-06;0,00012360839848822382;0,0002206587558768141;0,0
1832;0,002175808575494947;0,0007848939796011628;0,0013972491160529898;4,342785432852127e-07;0,0010056179235107265;0,00045433953671038447;0,0002615269149178597;7,664604676652484e-05;0,0005130231751796341;0,0004333368614035342;0,00036578495772638623;2,341798222005309e-06;0,00014665398972673365;0,00020688321131144349;2,324829852438727e-06
1833;0,002370229386932416;0,0008587613852536638;0,0013023545437005981;4,342785432852127e-07;0,0010084902506995214;0,00045975783840341525;0,00024404653556432877;8,465137284474622e-05;0,00047554762139563015;0,00044937488447820736;0,0003730734793602356;2,341798222005309e-06;0,00015243459025831335;0,0001956170129752926;2,324829852438727e-06
1834;0,0022970240544444615;0,0008657628898488059;0,0008089376478892518;1,4104950350559063e-06;0,0010169735105591826;0,0004208771689003957;0,00023227056382373642;9,560507204956333e-05;0,00040998196319768406;0,0004477053835216793;0,0003731629314123503;6,046840488644583e-07;0,00015112447288499555;0,0001720510316057958;2,324829852438727e-06
1835;0,002330457066688853;0,0007505853773182025;0,00077542643858968;1,4104950350559063e-06;0,0009905032389464655;0,0004403728569611433;0,0002216043234121961;9,286203115672314e-05;0,00037385949066707065;0,00047007152781069247;0,00029021778768115576;0,0;0,00013661205571224855;0,00013398708976605382;2,324829852438727e-06
1836;0,0020929122261545024;0,0007412156589582862;0,0006579759688715317;1,4104950350559063e-06;0,0010508230843697675;0,000503307486659261;0,00023673124392839133;8,385696982518962e-05;0,00043647425107857477;0,0005024771326134214;0,00031214210594043834;0,0;0,00014968568556079326;0,00016791815267781982;2,7923048508325465e-06
1837;0,0018376055647552547;0,0007793541109484587;0,0007517343614641245;1,4104950350559063e-06;0,0010440856905396295;0,00047565771085698676;0,00017286137920434288;8,802575653784775e-05;0,00040553498885336533;0,0004890858040848148;0,00030359919297292696;0,0;0,00010332869838488738;0,00013771026873752947;2,7923048508325465e-06
1838;0,0018763497791951522;0,0007735131540747326;0,0007361301803549784;1,4104950350559063e-06;0,0008337500081064978;0,00040034326990020673;0,00015269206983248296;8,179345221443717e-05;0,0004812769183055414;0,000483940610657945;0,00029415893355430204;0,0;0,00011519171770097664;0,00014638768947504235;4,6680605285993285e-06
1839;0,001687145673453675;0,0008034596573582217;0,0006015166880907989;1,4104950350559063e-06;0,0007860190050580837;0,00039074568089095664;0,00015012198234996634;8,974969806071645e-05;0,00045397193519290473;0,0005017473670575003;0,00029044924108997554;0,0;8,634448330927366e-05;0,00014964746790318323;2,3432306761606014e-06
1840;0,0015138150047278032;0,0006840797530977787;0,0007219869660600255;1,4104950350559063e-06;0,00079603867431745;0,0003926058606599067;0,00014768407692957095;8,714339644809246e-05;0,0004786385164022379;0,0005053463415346674;0,0002786945028024742;0,0;7,950469418054646e-05;0,00017672453813994643;2,3432306761606014e-06
1841;0,001602903206990699;0,0007551974574328467;0,0006811913993130604;0,0;0,0007355872250108016;0,00046059054251860034;0,00014880282849714734;8,063845159865326e-05;0,0004938136986051436;0,0005133094743671661;0,000285461520174327;0,0;8,853517832514106e-05;0,0001985505359617231;2,5664663283464506e-06
1842;0,0017002826358033679;0,0008306917542150976;0,0006683294226864486;5,30271750319246e-07;0,0009108430861358232;0,00045682692351484936;0,00015797166221480957;8,591218423654417e-05;0,0005265232662817912;0,0005175416130701446;0,0002864961126241334;0,0;9,949412823776323e-05;0,0002321311918811781;2,5664663283464506e-06
1843;0,0017511997352162973;0,0008454281734365005;0,0007299017072779991;7,397289257328663e-07;0,0008637727660243399;0,00041804881090813845;0,00012024603555411368;9,000129028078976e-05;0,0004801140318834639;0,0005131594856980623;0,0002679861479139488;6,283715135525978e-07;9,070047407736379e-05;0,00019176161052720478;2,5179056807798716e-06
1844;0,0018910111716000494;0,0008669832628324262;0,0006006614577407683;7,397289257328663e-07;0,0008488618147696667;0,00037616941556604743;0,00013240592936978959;9,701955312786076e-05;0,00048245438912480107;0,0004992128391937253;0,0002699283251266544;1,9191235521377948e-06;0,00010212194914467027;0,00020565776545871425;2,5179056807798716e-06
1845;0,0018492212413028547;0,0008496409399023313;0,0006199280895608743;9,542391131235815e-07;0,0008182160789666731;0,00037215928127157634;0,0001584944446416817;0,00010024203983708242;0,00043542415824049385;0,0004877641848517149;0,00028372442427228507;2,13363373952851e-06;0,00010550705431861779;0,00020605611764170007;1,285680539808709e-06
1846;0,0018424076967806157;0,000842418317656016;0,000752091701932451;9,542391131235815e-07;0,0008498354288479146;0,0003629147873393127;0,00018358881318038454;9,956608226145493e-05;0,00043779567217175754;0,0004692567862158674;0,00029123180930972533;2,636046073486601e-06;0,00013342119911742754;0,00020654413138540155;1,285680539808709e-06
1847;0,002040921000505997;0,0008578134579043503;0,000714736441815538;1,5000538842814748e-06;0,0008471907027082384;0,0003469616314889988;0,00017649966090565222;9,589303268902377e-05;0,0004258312336397856;0,00045630633849214064;0,00029159962845629446;3,5457372910790193e-06;0,0001318499633790842;0,00017708301405556476;1,285680539808709e-06
1848;0,0020460445739445277;0,0008604550073089609;0,0008317281624061121;2,3898058516229933e-06;0,0008294484554686018;0,0002830753714988532;0,00019456764529682654;0,00012125317506875684;0,0004278141009958095;0,0004503566710159898;0,00029881006347360587;3,901638072940321e-06;0,00012363614538506745;0,00016139908650205013;1,0624448876228598e-06
1849;0,002004225513831313;0,0008323315471768314;0,0008549936085598478;3,3016191558488117e-06;0,0006193465391593886;0,00029668857775634806;0,00020537660166805187;0,00012175925040277695;0,0004103176999186482;0,00043239847725219855;0,0002865444002964068;3,901638072940321e-06;0,00012962169567539865;0,0001561406512402235;1,9637480467135253e-06
1850;0,00195402196498305;0,0008528373785208845;0,0008290599648067395;3,0921619804351915e-06;0,0005742086159443716;0,00028996408250999854;0,00022540715138217948;0,00012560035185872818;0,0003930934001670851;0,00041730146936710553;0,00028262369206848755;5,556122622302999e-06;0,0001248962251208598;0,00015561972272085507;1,5448336958862844e-06
1851;0,0019373252013922737;0,0008175379207386868;0,0009732314798124467;3,3136415770026617e-06;0,0005541612413903099;0,000280003936430668;0,00021929200459323638;0,000149072672326968;0,00040392148678490363;0,0004150631769204795;0,0002689473896160572;8,916442035505107e-06;0,00012727715069818908;0,0001528077080235692;2,430752082156167e-06
1852;0,0019268076487475938;0,0008507759113334551;0,001074264063000945;3,725305549754207e-06;0,0005558591055887518;0,00027886419664875054;0,00020177872589296645;0,0001542102414272709;0,00039113011942910295;0,0003940549894260974;0,0002571862816174481;8,701931848114392e-06;0,00011463930117575468;0,000136807570275518;2,8308451963507e-06
1853;0,0020660250161849297;0,0008610458215636235;0,0009731162143517785;4,069798821758143e-06;0,000554805930213271;0,000280010718662587;0,0001982742706526811;0,0001488266653788222;0,00041535674232103957;0,000378527667115642;0,0002477821453794604;9,232999355544638e-06;0,00010794875931553958;0,00017128460610495364;3,003091832352668e-06
1854;0,0018783555398320978;0,0009147161303449788;0,0008986729231505056;3,52398405060025e-06;0,0005317043555156228;0,0002747762128560031;0,0002116955767762972;0,00015283045269955307;0,00040810371371792693;0,00038586618822072135;0,0002528839201789067;8,663621261665152e-06;0,00011265152254834123;0,00017206198695670797;3,003091832352668e-06
1855;0,0017200988233006293;0,0009031005577396303;0,0007952113589583729;2,8037788598770215e-06;0,0005621064571771837;0,00030043851860942335;0,00020822001748196532;0,0001256420806125139;0,0004203262700944574;0,00037514405123926863;0,00023709174651490424;8,30772047980385e-06;0,00012191378979358497;0,00019639858399906577;3,3421853855892484e-06
1856;0,0022499772447710192;0,0009392544143338455;0,0008789794589704667;2,417622432407792e-06;0,0005886794497200754;0,0002915345394935035;0,00021141242509007237;0,0001431912486233549;0,00046253839108041054;0,0003674284536308343;0,0002505691814544012;8,835684793341767e-06;0,00011376869468092212;0,0001823227941193701;2,440882226498583e-06
1857;0,002295600786185657;0,000981873193138329;0,0008771062182079601;3,6589145047116745e-06;0,000638361111019289;0,00029847131405144216;0,00020438497391036696;0,0001516783039992983;0,000477741345353674;0,000369246851862824;0,00024155163568398815;7,638959281004126e-06;0,00011243600965826772;0,00017830584592307526;2,440882226498583e-06
1858;0,002419311061073261;0,0010427984307170846;0,0007230350027904413;3,567854900410339e-06;0,000626030909448413;0,00027946219103926396;0,0002122776598818226;0,0001277085337798261;0,00045066196889820276;0,000372484263217692;0,0002506821406963614;3,118307821482956e-06;0,00010514889774120611;0,00015889139928861238;1,8158038247609705e-06
1859;0,0023552412130811717;0,0010875120096898172;0,0006711246701992682;2,941680740268079e-06;0,0006175653587498735;0,00027129316484726066;0,00021440174253127352;0,00012510411693256174;0,0004464876935474292;0,0003866659166565764;0,0002558531507799801;4,562320476964032e-06;9,649931525603148e-05;0,00015145611769185052;1,691097281256556e-06
1860;0,0022516545089144658;0,001139326585481675;0,0007826035211369994;2,867332035297717e-06;0,000588082067614388;0,00026502314410338713;0,00021418272646250055;0,00014362398620245846;0,0004403828467859837;0,0003941263392854515;0,00025498602229033295;4,744491149161993e-06;8,446694396622791e-05;0,00012179520711340177;1,518850645254588e-06
1861;0,00229257124634127;0,0011452597001542536;0,000833427027048726;2,867332035297717e-06;0,0005865121303421412;0,0002773717905516345;0,0002201909670215433;0,0001536204113758036;0,00045606888241828917;0,00039408021491129015;0,0002599974972586746;5,408543784264046e-06;7,646254281163627e-05;0,00015745778877577062;2,021033524662081e-06
1862;0,0023295598631583353;0,001139923668753389;0,0008410349762146194;3,1563658353661594e-06;0,0005676692970674983;0,0002720025138712247;0,0002205588673729965;0,00016677547023391526;0,0004300601144028146;0,00038448679658488667;0,00026543891635810724;5,867124360950779e-06;6,828384105769405e-05;0,00013533423433338094;1,911230259768867e-06
1863;0,0020320085371037877;0,0011659034368806584;0,0007472446928399482;2,515441264806993e-06;0,0005682872012714922;0,00025057122294518716;0,00021139190948815667;0,00014708361391058133;0,0004035243201932255;0,0004107539682861118;0,000245022632887932;7,829184386512874e-06;6,557116226498952e-05;0,00015277093845205464;2,741238372802205e-06
1864;0,0020940166125780835;0,0012081757241893293;0,0009381228989825882;1,7944913111023197e-06;0,0005331834277707717;0,0002192647571064299;0,0002237909013404403;0,00014537850948467427;0,0003887544413113833;0,0004817119458623763;0,00024905386096309357;8,043909183186315e-06;6,204950377001037e-05;0,00015515482881970196;3,0014094321018092e-06
1865;0,0019349968689701719;0,0011706898736260232;0,0009565592660822273;1,6640713188361848e-06;0,0005384487784405272;0,00021576540640515826;0,00021350727560534973;0,00015157836271230605;0,00037998669800539834;0,000474735237990639;0,00024543700517045054;1,5019642520184918e-05;6,55736455103449e-05;0,0001542269038574367;2,7405694475695393e-06
1866;0,001969490910726433;0,001157220283078329;0,0009128531798653836;1,7896224946412076e-06;0,0005240296104602749;0,00019637519049605804;0,00022156265718617111;0,00016368103875460553;0,00035528551377085805;0,0004617800284125094;0,00023642643652367824;1,4580039271144024e-05;6,756459965475057e-05;0,0001556863440198088;1,8216523400838014e-06
1867;0,0019568229747944444;0,0010443635346746305;0,0007771885715815838;1,5194779276076327e-06;0,0005133187707022964;0,00018183518640008906;0,00021694864764348106;0,00014389857564570515;0,00032350482927410794;0,00043529252187519366;0,00023612206112894843;1,416363087766318e-05;6,0960998991634234e-05;0,00014901934345549047;1,8216523400838014e-06
1868;0,0018787655010653126;0,000981039355402962;0,0007423318493238185;1,5194779276076327e-06;0,0004948409241478657;0,00017284755326077824;0,0002005048567558073;0,00013376238224996735;0,0003115444899646848;0,00043854106804376764;0,00022488158687597855;1,3874447089636177e-05;5,744920973224257e-05;0,00010504762956640792;1,4982649533733039e-06
1869;0,0020205781506125015;0,0009733876725346949;0,0007113112847686612;1,2663626591802313e-06;0,0004862580291436254;0,00016199454973632652;0,00018020350580627564;0,00012663035704463255;0,0003173148343194043;0,00047904991333780345;0,00023087836942587662;1,4032262437727434e-05;7,631760549234709e-05;0,00010017429628663064;1,268974665029938e-06
1870;0,0018009966100050534;0,0009275135133585926;0,0007070816666652847;8,513586026635624e-07;0,00044691037146549206;0,00017056550112621544;0,00019399657276153448;0,0001296845230821678;0,00029174452395506833;0,00044816210252715137;0,00024264173654436102;1,288623638272059e-05;7,311087557582141e-05;7,166663473461605e-05;4,389665519966002e-07
1871;0,001740653845315267;0,0008370911733176659;0,0005119553926696037;5,0959824296878e-07;0,0004619600856260929;0,00017366179625761497;0,00017681095739265271;0,00012599699792709934;0,00027999048727776554;0,0003849152432979151;0,00023935697949387498;1,1942544553278367e-05;7,530632270150559e-05;6,730076579840118e-05;3,573772516014222e-07
1872;0,0017430401775137788;0,0008825202907506277;0,000516961699759122;8,087094549580343e-07;0,00047694898707309875;0,0001857287186014998;0,00016900353817358597;0,00011876139508006287;0,0002859309558646471;0,00038133421834832655;0,000237763707186137;4,985946830008256e-06;6,880016749326907e-05;6,38694643839699e-05;6,564884635906765e-07
1873;0,0018377477577554862;0,0008558365477386229;0,0005286936292187809;9,8172435260478e-07;0,0004891372165210279;0,0002011301018813226;0,00018046686786224849;0,00010653696449480776;0,0002905601669616382;0,0003986387062988277;0,00024260728293614065;4,727952619885757e-06;7,093987071422296e-05;5,936184704426393e-05;9,550545370424452e-07
1874;0,001968164113869924;0,0009125804613826663;0,0005326575319486437;9,8172435260478e-07;0,0005163876072141907;0,00022867390206166808;0,0001645281453680322;0,00011687490168047328;0,00030422329473367427;0,0004113130704094406;0,0002506627197362832;4,379185509455803e-06;7,74298048408387e-05;6,779812825438316e-05;1,5556878832764402e-06
1875;0,002110632392162058;0,0009061559077443754;0,0005860793927630377;1,2818621719645762e-06;0,0005240058011882606;0,0002382093985683501;0,00017554157076509519;0,00011214396278904002;0,00031118328739207106;0,0004153365125603159;0,000252551610304051;4,41434808706731e-06;8,973890897680446e-05;7,148941481968254e-05;1,8270991196191389e-06
1876;0,002089072924198782;0,0008776639853229945;0,0005971107254611395;1,2303712461557228e-06;0,0005215368868708278;0,00022478671520989986;0,0001753731437150106;0,00011875190304116195;0,00030118657312933853;0,00037153851215927195;0,0002516473581895947;6,261542281496954e-06;6,615491230377302e-05;6,290737571492042e-05;2,4429966494210476e-06
1877;0,0022338963909922832;0,0008349557317290288;0,0005985115097116379;1,96647570608174e-06;0,0005320358078669025;0,00022410783913073828;0,0001471375575030314;0,00011179027085615547;0,0003093464426586122;0,0003696696142339663;0,000247581767455683;6,242532015120008e-06;7,38748200644425e-05;6,894406396895647e-05;2,5902175388685985e-06
1878;0,0023400274325727616;0,0008601963015410416;0,0006266705635685607;2,0677482329542078e-06;0,0005238988186257691;0,00023437730435814174;0,00016301109358859582;0,00011040484244923782;0,0003186518272611595;0,00038823872858171986;0,0002661587132024579;8,683911304327044e-06;8,122520763923344e-05;8,843102453478682e-05;3,251198662671381e-06
1879;0,00238433936569241;0,0008292348021703738;0,0006350948426968119;2,197884211138249e-06;0,0005053097733512654;0,00022382181766390986;0,00016744353388276068;0,00011984449364328093;0,00034052560035239106;0,00040236351911257116;0,00028633937745325966;9,965179665576735e-06;8,371721134738306e-05;9,991779929155849e-05;3,2382522441309902e-06
1880;0,002413062611594796;0,0008282249902029954;0,0006250634734377465;2,0312758459389054e-06;0,0004989703679062327;0,00022178027977913316;0,00014038889568317764;0,0001254455810340005;0,00034693624521813557;0,00040462106036492126;0,0002817548095533441;1,0538341602536353e-05;8,159806027054271e-05;9,61698240027025e-05;3,071643878931647e-06
1881;0,0023991647269992556;0,0008430366441254072;0,0006401964583346853;2,0312758459389054e-06;0,0004796710462479885;0,00021879693576920545;0,0001590025168038015;0,00012317409852715042;0,00033766047766091233;0,00042037042606222846;0,0002699274805958599;1,0822556108434713e-05;8,667272806763191e-05;8,077840131396183e-05;2,8383552904845795e-06
1882;0,002372686217963097;0,0008983176160524766;0,0006423073955375003;2,1547739085089494e-06;0,0005319862014273115;0,00022657431730164845;0,00016048835504989256;0,000123506669069684;0,0003300506185561452;0,00042123028833884746;0,00027012320060748607;1,0919483323894902e-05;8,115310947687249e-05;8,300086692867938e-05;2,9529963871003214e-06
1883;0,00233842152478506;0,0009410710520439483;0,0006868604097170257;2,9562368045584923e-06;0,0005341383647256796;0,0002450656016402978;0,00016748617781559005;0,00012503134761183382;0,0003232894999070725;0,0004312158482987018;0,00026426844539985595;1,1595186931247423e-05;7,759819555173766e-05;8,969290783105472e-05;3,1560450380092268e-06
1884;0,002286744087801448;0,0009815190683834121;0,0006953567468112201;3,5849995733932313e-06;0,0005385277420698133;0,00022294115719237846;0,00020073377169995055;0,00014211677807907108;0,00032705154028787674;0,00044493068734092437;0,00026318592257926606;1,2044526239865911e-05;7,218478685899754e-05;8,701996786645136e-05;3,418284296888682e-06
1885;0,002236617027457604;0,0009508907753895204;0,0006863907856313745;3,4349852359330924e-06;0,0005313510947806728;0,00021173896292176711;0,00019275869687719805;0,00014377288185382246;0,00032096457159371184;0,0004188794004481419;0,0002473105236536607;1,2232302180694076e-05;6,210485789129702e-05;6,629807631140596e-05;2,838401310814983e-06
1886;0,0022914843741870883;0,0009409130598214688;0,0006832655344624072;3,4637334905036302e-06;0,0005180894861821019;0,00022227911813388346;0,00019485435456902323;0,00013877010555266419;0,00030858790458816135;0,00040246932258014567;0,0002358749660353559;1,160297021637494e-05;8,723958200919566e-05;7,91268904874544e-05;2,5522365173661195e-06
1887;0,0023488542865379713;0,000934269688254322;0,0007122809165593935;3,799265346771108e-06;0,0005221510231682;0,00024234244619947276;0,00021078235801854007;0,0001391991824155931;0,0003130422783215181;0,000401803546472885;0,00023177938146545785;1,3322075176347425e-05;8,735614349981396e-05;8,664420404004756e-05;4,874598984778393e-06
1888;0,0023741300278093797;0,0008708227271979143;0,0006906900710289067;5,494544083209771e-06;0,0005346768180710829;0,00023456705256259217;0,00019690353058519704;0,00013476151983533264;0,0003118284472033598;0,00038682274277692026;0,00023084842268872308;1,3974431871994447e-05;8,306837295484521e-05;8,206085258929566e-05;4,815486726832725e-06
1889;0,0023407072668695556;0,0008255618013208732;0,0006962044283552261;7,67316114139557e-06;0,0005108011139652392;0,00021403217098330582;0,00018721175203089451;0,00014043964467548773;0,0003150758240216029;0,00035821601289041737;0,00022795458270203587;1,598963836256319e-05;9,11471017518904e-05;7,86705486786689e-05;5,031314742609538e-06
1890;0,002262481913411258;0,0007976634411274322;0,0006742833972696514;9,30103860596887e-06;0,0005247248931742174;0,00021284922045846803;0,00018274284099918856;0,00012919730595837921;0,00032219475737552524;0,00035787219790758433;0,00023393240228740197;1,658179919721598e-05;9,613613128424601e-05;6,907102902329955e-05;4,212368561898724e-06
1891;0,0023522039035534753;0,0007880793028951821;0,0006782001297064458;8,65501858119241e-06;0,0005502920365480739;0,00022293355966342333;0,00015907828745704528;0,0001140130101313324;0,00032574281314217454;0,0003521828505524484;0,00023983500341273611;1,7251552313674828e-05;9,971957167311172e-05;7,322414968971966e-05;3,946677854368577e-06
1892;0,002489465337670741;0,0007897466080716445;0,0006564786937295659;1,1864673662590316e-05;0,0005672911941344085;0,00022419714988635472;0,00014957053216286504;0,00011387242986009887;0,00032789706503016144;0,0003541270936174052;0,00023718575253691858;1,6536090186036745e-05;9,912752432228444e-05;7,747357934866679e-05;4,7556363672437584e-06
1893;0,0024228576876339503;0,0007633060509501125;0,0006667742647031056;1,1940376205237563e-05;0,0005982164306520385;0,00023633882619833457;0,00014792310594202718;0,00011146892282860272;0,0003315554327595497;0,00034371249577296633;0,00023885598433740336;1,8403088120066968e-05;7,347127320502165e-05;5,974993127568138e-05;5,28933435463484e-06
1894;0,0022533523016526097;0,0007469566688606781;0,0006356235384633432;1,419475660822757e-05;0,0005920259354752488;0,00022085205111060143;0,00014183759243938506;0,00011653945486094535;0,00032584227938059485;0,00033153535241581267;0,00025466450616867017;1,7438211687346795e-05;7,269087884001888e-05;5,212944407568492e-05;3,223852753007707e-06
1895;0,0021522559368999544;0,0007198086742781536;0,0006674966438627702;1,3304709410379344e-05;0,0005971006560555127;0,00022043366081041834;0,00013635120857153588;0,0001163977507141161;0,00032514358281332534;0,0003216450197994293;0,0002625373619074318;2,28956336302742e-05;7,650086096029034e-05;5,233217409892989e-05;3,452441278893405e-06
1896;0,002072538895195716;0,0006886898388204697;0,0006576525850375349;1,1666856230314287e-05;0,0006160781335243623;0,00023652305571886245;0,0001424100316528763;0,00011062355075150014;0,0003210122063787172;0,00032673251553205773;0,00027282356508554325;2,2323604907472016e-05;6,325256224824573e-05;5,136227798629989e-05;2,792315407467478e-06
1897;0,0020561513598035424;0,0006637788698883794;0,0006379803250768289;1,304453951839995e-05;0,0005885545760975219;0,00022886145935834587;0,00014683127704172096;0,00011899733993102148;0,00032660124946102897;0,00033551592813247614;0,0002765455064945854;2,2454123081518317e-05;6,345040008324889e-05;6,583566687368148e-05;2,8913403544399737e-06
1898;0,0017942229663146592;0,0006510064460079386;0,0006433718226617202;1,2991019307914291e-05;0,0005764341884579542;0,00023035930943089103;0,0001553951717271827;0,00012971008069533646;0,00031611516208483536;0,00032926806332917683;0,0002839557380087042;2,2006023568467625e-05;6,28861641871481e-05;6,953798837067942e-05;3,4128979071417528e-06
1899;0,0016593702119800063;0,0006381379080266925;0,0006413263560846515;1,0807552135767245e-05;0,000562754374706336;0,0002288242009334291;0,00015369526603795487;0,00012820929587828038;0,0003097820094158773;0,0003257713030637076;0,00028901015411975095;2,5322635061846608e-05;6,323967706326325e-05;6,70143326228104e-05;3,2112803908087728e-06
1900;0,001660692045594;0,0006467238888165282;0,0006414309934500904;1,1720628175940614e-05;0,000584456133115704;0,0002260609384003536;0,0001580629519334512;0,00012627225162629787;0,00030139562698293176;0,0003208861049383164;0,0002937363498339047;2,5837047904328104e-05;7,571088117076994e-05;6,052637502307334e-05;3,835001605168031e-06
1901;0,0016509193171389469;0,0006739837057726358;0,0006667927469347237;9,49100089948323e-06;0,0006373516563534005;0,00023384597917746372;0,00015769096860042606;0,00011739261935872491;0,0002958340701297857;0,00031126833489127293;0,0002973680596239449;3,252516234754564e-05;8,532338102083616e-05;6,594809462967532e-05;4,52909695144602e-06
1902;0,0017381145750862614;0,0007133514632836782;0,0006495718740292691;1,0094286447984554e-05;0,0006603057759743283;0,0002289483047336814;0,00017104824629703735;0,00011612055378204138;0,0003023047156602843;0,00031409769495179977;0,00030055386365087803;3,157885950193824e-05;8,628407865022123e-05;7,183939406526665e-05;4,1683405616055325e-06
1903;0,0018924994687300307;0,0007518221601847992;0,0005970094467297063;1,1947178687624467e-05;0,0006674958513031015;0,00023297576490222127;0,00017196878323894843;0,00011989789153890991;0,0003097520643028214;0,0003251777180984001;0,00029515276115229687;3,3954549800390464e-05;9,621490936037195e-05;7,89393997787816e-05;4,04779059159921e-06
1904;0,0019426284520055299;0,0007272140270028363;0,000684641281623044;1,006503259150447e-05;0,0007112135595629557;0,00022897224718170558;0,0001752961160101612;0,00011299958048636784;0,00033289805157567443;0,00030524923074283706;0,00030134141785051076;3,4090369435294375e-05;0,00011042094212955687;7,883132095035503e-05;4,1086773348654655e-06
1905;0,0020185599298981416;0,0007331651626632915;0,000673747328099645;1,1177730994761856e-05;0,000716805841096045;0,0002423420629124199;0,00018057059735708338;0,00010388489905770775;0,0003340281507137531;0,0003147406817203903;0,0003078694947232309;3,8783150760731845e-05;0,00011144404084006965;7,115491606717634e-05;4,544032807172828e-06
1906;0,0020408048710253623;0,00075383681438065;0,0006842102655874831;1,0854468105289275e-05;0,0007644263795165379;0,00025417438272208007;0,00019070622881502328;0,00010434999515902227;0,0003473916909310252;0,00032432845468325207;0,0003171946121126114;3,7597440487908375e-05;0,00011547541508402252;7,922595597977176e-05;3,914944762024268e-06
1907;0,002097612819592801;0,0007370167817758297;0,0006902902506616167;1,016759725303018e-05;0,000741597380381011;0,0002515663124670807;0,00018811023697448296;0,00010659722745133746;0,0003480598999366131;0,00033379705135822794;0,000317123375940095;3,9201927799175405e-05;0,0001033983202043081;9,54000613871488e-05;3,0614868354713764e-06
1908;0,002096592522450789;0,00070374294409703;0,000662674600399831;1,1130188377299938e-05;0,0007333756392264539;0,00026102228015848335;0,00018741945463521655;0,00010296885355793556;0,00035166026464139577;0,00034391825270826563;0,0003144613109335686;3,6986760067390734e-05;9,563376741945312e-05;9,491384876777634e-05;2,251334255528751e-06
1909;0,0020990827969009323;0,000685504690929;0,0006605106916270285;1,0565503925720674e-05;0,000736863577393316;0,00027741314495090464;0,00018438072889434158;0,00010389979934188887;0,00036226287777805865;0,00036325476945161687;0,00032071477237747913;3,7586106113199745e-05;0,00010214996888992443;0,00011138590951174723;3,087868741654834e-06
1910;0,0019696340262141477;0,0006663485822043315;0,0006703352417909107;8,529169091632736e-06;0,0007114224704959529;0,00026832387253047533;0,00018079245559679942;0,00010737883582935735;0,0003515451128675652;0,00037712477803454803;0,00032781597708110766;3,543638383364721e-05;9,514847972371041e-05;0,00011137568906503605;3,4349608237148137e-06
1911;0,0019858324386794785;0,0006991294022944723;0,0006429938041817097;7,5690967398551435e-06;0,0007050187442863327;0,0002755207430839489;0,00017526956201306478;0,00011321087640681071;0,00032473761686040755;0,00041902040136067493;0,00032815263304135963;3,6946429255684575e-05;8,280423782837585e-05;0,00010796758666791511;5,684728142187266e-06
1912;0,002031961620169958;0,0006844790017826849;0,0006684690366195614;8,186010041250874e-06;0,0007008391224059908;0,0002763673819572432;0,00016994810201660066;0,00011502922916406533;0,0003388242930668639;0,00041632881675468525;0,00033063513131180244;3,45869795280253e-05;8,306308083254927e-05;0,0001196288808712;4,952497789645349e-06
1913;0,0020051739868774477;0,0006975958383139057;0,0006687816169557793;1,0210913765312008e-05;0,0006584367708585757;0,00028925885219775537;0,00017274886821334285;0,00011909244059487328;0,0003391467641579636;0,00041435401791594425;0,0003473438352687351;3,502738244216224e-05;8,922459479825713e-05;0,00012019629187826858;5,5083617667150975e-06
1914;0,0019513957210749921;0,0006795250556024257;0,0006410384230548516;9,69765212894507e-06;0,000651086851835966;0,00027494619741576443;0,00017424219842203975;0,00012037448868795764;0,0003501916873054662;0,00042634293809637057;0,0003699124558157304;3,4268470829244636e-05;9,420428130267413e-05;0,00011221144485976505;5,286614339945166e-06
1915;0,0019867704395437613;0,0006708574151811522;0,0006453881789119416;9,60646168327425e-06;0,0006152469982875378;0,00026196702265224303;0,00016867696461174222;0,00012500861105633833;0,0003543798486914186;0,00042484907680773176;0,00037178228272491;3,3176291935888e-05;9,218731114352912e-05;0,00011672456626651444;5,998686544320517e-06
1916;0,0020244200381317307;0,0006610589805079924;0,0006369202830163496;1,0078324689085808e-05;0,0005734811306215956;0,0002552078009492626;0,00016540525718612895;0,0001278723402720061;0,0003377228917348215;0,00041425082924563734;0,00037479820938252876;3,194156314683434e-05;8,180883810382511e-05;0,0001082690037687176;5,682632161655274e-06
1917;0,0020532992753682527;0,000649170150219496;0,0006496718210006033;1,1093262664019221e-05;0,0005955554570391541;0,0002662001000836816;0,0001642334106171412;0,00012558050944530156;0,00034949339351442177;0,00039583871642077744;0,0003764141216119502;3,548629154335815e-05;8,877395397835894e-05;0,00013030883759971142;6,6824614349972725e-06
1918;0,0020815916026809384;0,0006458338508049824;0,000566541595097598;1,100599329768264e-05;0,0005818380096960547;0,00026833062065634294;0,0001669247402397949;0,00012090841729721951;0,0003549132478448363;0,00037021910819540996;0,00037808948880930463;3,9262046211011435e-05;9,276035370930913e-05;0,00013525961841358885;4,590170193148018e-06
1919;0,002089447765943727;0,0006785359801142476;0,0005164311590176242;9,841689951883836e-06;0,0005778539161838125;0,00025848351827205206;0,00016158325674301262;0,0001266018330170482;0,0003461749916563609;0,00036668389579322787;0,0003803837216764805;4,1988375950755395e-05;9,319983697813379e-05;0,0001281099814929933;4,878056910787418e-06
1920;0,0020680562686590876;0,0006546307434161593;0,0005002232358362692;9,196160861384734e-06;0,0006151649683618286;0,00025113813373016977;0,00016302771622836839;0,0001243686548540219;0,0003319464342764279;0,0003629480131296857;0,00036745178541813014;4,567875342737742e-05;9,027434819992257e-05;0,00012504109625816845;5,032319900471245e-06
1921;0,00206912456113579;0,0007135285029237691;0,0004938187560453246;1,318702526223855e-05;0,0005950669544420505;0,00025821303942003785;0,000174500032049504;0,00012710102704919076;0,00031687888752328163;0,0003566331510488193;0,00034873229586602453;5,1484487682630834e-05;9,176734790474126e-05;0,0001263357538456538;6,229353185663708e-06
1922;0,0020687656225553447;0,0007601746022243917;0,0004832646417136337;1,2562819102462136e-05;0,0006041296923545555;0,00026031446590682857;0,00017842547939445858;0,00012559999536928705;0,00031671851112540547;0,0003659779232683442;0,00034794452728549786;4,8839775550797124e-05;9,122164783548214e-05;0,00012153628128024657;6,575486669443567e-06
1923;0,0019740436203262235;0,0007951504487989172;0,00047057594331688184;1,3470102696747483e-05;0,000600637693943489;0,00025554816147632664;0,00018453850023953628;0,0001318149429607729;0,0003198384060202183;0,00038108409431255756;0,0003457233463320465;4,709073441030601e-05;8,739603783526815e-05;0,00011025682462267078;6,8111589765099515e-06
1924;0,0020146636286101837;0,0008267551688082417;0,0004526690190687077;1,5232606794971355e-05;0,0005590516853512131;0,00025211287330811113;0,0001823796131767657;0,00013155328133507282;0,0003134268386669906;0,0003858342454675169;0,0003598376354472878;4,742018303107086e-05;8,466775430601306e-05;8,751634205899401e-05;6,045200759022659e-06
1925;0,0019083893286213943;0,0008315106502517924;0,0004541923057591443;1,836129221999272e-05;0,0005500313298918107;0,0002518650749802224;0,00018367802567809122;0,00013742318287768285;0,00031175336841572843;0,00038661606010594236;0,0003597472284257362;4,403537547302351e-05;7,747405723940963e-05;8,48931888088243e-05;6,100367804557599e-06
1926;0,0020133971962163094;0,0008203070917391284;0,0004576519456479998;2,1848625714986675e-05;0,0005351965877967554;0,00025826758311658135;0,0001854595195384588;0,00013450482226419678;0,00031687942347551664;0,00038818659179794073;0,0003572476056693371;4,16977020531054e-05;8,72243146789385e-05;8,732462869634869e-05;6,1344634514983094e-06
1927;0,0020170497009530663;0,0008287858431036252;0,00047089745619034924;2,3004413003085184e-05;0,0004881890553016481;0,00024272918933222954;0,00021393767610788927;0,00013979269916879794;0,0003333282750515666;0,0003852421059491462;0,00035705580947771;3,9732621408867476e-05;8,819234673345428e-05;8,939884586262841e-05;6,028385359156476e-06
1928;0,002063277705539284;0,0007979521407313378;0,0004728119815159257;2,301288795081291e-05;0,0005195545717080157;0,0002361142134889503;0,00020036422288935034;0,00013805174765885958;0,0003410995532249217;0,0003740250479365516;0,00035448879641210496;3,3807406753437264e-05;8,631939830853039e-05;8,470908759201328e-05;5,018724305979763e-06
1929;0,002016763366035385;0,0007753499695744332;0,0004537076425289602;2,6287210833483444e-05;0,0005288859093915173;0,0002180319191731022;0,00020160687037267574;0,00014048471744640016;0,00033920864227963775;0,00037528330787089156;0,00035226198633608874;3,566810278243793e-05;8,579263765438685e-05;8,260341896207788e-05;4,490489326412574e-06
1930;0,002078482845848027;0,0007496315772316718;0,0004511486882360519;2,77867568700328e-05;0,0005460951862395243;0,00021544835655212021;0,0001983423820612578;0,0001389999446083883;0,0003425996250630955;0,0003533757600442706;0,00035610305531008635;3,640867589638219e-05;9,32254790443819e-05;9,12202519235247e-05;4,488903598038567e-06
1931;0,0021210154955042526;0,0007282397681202772;0,0004469684297094188;2,7004815348975952e-05;0,0005558184966503177;0,00020265146401600632;0,00020210080557652485;0,00013961937546420295;0,00035518332229652775;0,00034689375232639056;0,00034300989812306525;3,6866677126974014e-05;0,0001175505295642714;9,05178938280317e-05;4,710028202379947e-06
1932;0,0021516234742843415;0,0007607045712835056;0,00045707747631240636;2,526014830956618e-05;0,0005533204395240838;0,0001960860881159273;0,00020764174613369893;0,00013677020466015425;0,00035792324004952595;0,00034141892553764464;0,00033522830043304045;3,7033553163772535e-05;0,00012296659325069674;8,529783761852221e-05;6,753001992519461e-06
1933;0,0020082136480985874;0,0007823141394120675;0,0004531433140592915;2,437815282974043e-05;0,0005627032740968778;0,00018711875944583362;0,00021743761148432635;0,0001462206065688016;0,00035375151128391735;0,00034684342803562425;0,00033202848693950467;3,7072191259669906e-05;0,00011515515520191651;7,673810305927223e-05;7,238932729438017e-06
1934;0,0020735458227656117;0,0007877384827484743;0,00044030629006946195;2,4205853930782594e-05;0,0005672689439961687;0,00019218775508176932;0,0001869732354212569;0,00014202151987774414;0,00035628982654348614;0,00033814977281768473;0,0003413563068274276;3,777221024847677e-05;0,00011663849558577307;7,793197158077549e-05;7,840137808809036e-06
1935;0,002071932716976984;0,0008124505711748498;0,0004471981420855238;2,2974599695706794e-05;0,0005571667250998351;0,0001959228321928614;0,00019521735826596602;0,00014811909880206388;0,00036481295800123395;0,0003490368596560854;0,00034404493232744116;4,272187084097823e-05;0,00011928145795536693;8,35374805774336e-05;9,193866087490018e-06
1936;0,002150226516407981;0,0008350591217874484;0,0004725316232777134;2,3213144727053858e-05;0,0005388586682134441;0,00020724613542759992;0,00019447055592536344;0,00014683211994841777;0,0003600881395219143;0,00033914027426362736;0,00034525115292386284;4,7097884297337646e-05;0,00013176556633100387;8,446266649895864e-05;9,099831593013213e-06
1937;0,0021855889956766206;0,0008355323903482972;0,0004847114334032605;2,198680074830658e-05;0,000546442340367191;0,0002041318111878354;0,00019205078680378004;0,00014385104317885374;0,00035930263493355596;0,0003544714737862315;0,0003510164235974246;4,985039489773564e-05;0,00012917092573973475;7,926785607586291e-05;9,48297988705755e-06
1938;0,002103443408226927;0,0008296092866138288;0,00048737966348458685;2,2789685414993854e-05;0,000546213414054364;0,00020580392369343566;0,00019555298617238544;0,00014959458017723852;0,00035254784052085597;0,0003646238448189771;0,00035501762860284155;5,102446323235199e-05;0,0001092255315273048;7,593789307845457e-05;9,832864427445592e-06
1939;0,002174044103802381;0,000804501477042712;0,0004884150842242109;2,334686846389949e-05;0,0005552390121010831;0,00020374547245540143;0,00018948269696141194;0,00015924279068713076;0,0003456108450856326;0,0003715624643518822;0,00036502222948391657;5,387693704506091e-05;0,00011110707305306278;8,079167303419257e-05;9,240599041504538e-06
1940;0,0022515990557232207;0,0007813812252217239;0,0004925927831728975;2,3535527710854304e-05;0,0005989926389052666;0,00019432414189525716;0,00018093306834998657;0,00015378101352325757;0,00034487905265580466;0,0003791187412259335;0,00036031373643449375;5,7755707010593535e-05;0,00011291706414340297;8,99228755965201e-05;8,650345354307579e-06
1941;0,00219124758586986;0,0007900585972363064;0,0004939944769180979;2,333780275064003e-05;0,0006185340680531226;0,00018659797303501233;0,00018310637740017097;0,00016561460662550026;0,00033374782820568986;0,0004012747175303437;0,0003463068294097736;5,588445576774705e-05;0,0001273792512230492;8,356498710782034e-05;7,947816931570223e-06
1942;0,002179934719086824;0,0007838907289884187;0,0004981755474935719;2,393392963183162e-05;0,0006637142957645535;0,0001895825611037643;0,00018453416389872603;0,00016728679546369158;0,00032584780131271273;0,0004095952817806392;0,0003474534683586431;5,382623839977896e-05;0,00012664993879038126;7,806033295310044e-05;6,956401981434673e-06
1943;0,0022183960806744707;0,0007855338740877674;0,0005075993872846343;2,3015672923065722e-05;0,0006801104648600033;0,0001915573079713795;0,0001916255980307012;0,00017647526127413066;0,00033008420164800815;0,0004259628245303507;0,00035542370824259706;5,239191978034796e-05;0,00012314377824753007;7,703203388181075e-05;7,162334826814134e-06
1944;0,0021587951518345755;0,0007989581653029226;0,0005012837326440993;2,4098142554456512e-05;0,0006679460706696513;0,00018999124579620132;0,00020222495972380524;0,00017822473767280047;0,00033129074056757545;0,0004205568529869197;0,0003496485857924979;5,137245336430039e-05;0,00012446769882704496;6,996287424954062e-05;6,433527031747741e-06
1945;0,00214822160030183;0,0008131202516129374;0,0005034244493020067;2,4042547254664116e-05;0,0006657839743898616;0,00018904549798597664;0,00019973754368558209;0,00017401655765882294;0,00033048581501913887;0,0004252772799061079;0,000343988810007951;5,168480632684285e-05;0,00011617416362241784;6,915711472694446e-05;6,230255879456439e-06
1946;0,0021497009583981708;0,0008206321581383236;0,0005023215700410739;2,3793628096362746e-05;0,0006722731216411505;0,0001876643831825017;0,00019773172620521758;0,00016775204098199277;0,00033458389420307606;0,00042105310577816065;0,0003366792173307788;5,3263237629965125e-05;0,00010972122806508975;6,463687571210488e-05;4,872030398165147e-06
1947;0,0021600084437523037;0,000812843726245254;0,0005024311056851209;2,4275886037880158e-05;0,0006271330611135843;0,00018806655361913727;0,0001941781127763014;0,00015973412083829835;0,0003260181171884012;0,0004089431253565376;0,00033051502279184727;5,106161040657753e-05;0,00010979457556459238;5,566259712200658e-05;4,80845692152343e-06
1948;0,002148197875482895;0,0008109375162998081;0,0005031892084973931;2,6188776912152078e-05;0,0006217104393207202;0,00018715388380639655;0,00018525609643152814;0,00014537394983043278;0,00033347932263235895;0,00039572905409711117;0,0003293884674349101;6,0256449176319756e-05;9,062845752591134e-05;5,5428852111357886e-05;4,668399254472076e-06
1949;0,002097661932306697;0,0008051231426569366;0,0004924837282617643;2,590448206417152e-05;0,0005692830265096356;0,00017534568022321246;0,00017641495690311006;0,00013760844370023863;0,0003261376312886049;0,00038370938649937415;0,00031697295850920327;6,204169713847867e-05;9,118457780589649e-05;5,1368179145226485e-05;4,480041023871958e-06
1950;0,001986308078422943;0,0007918292924711881;0,00047064274570272706;2,7396228371604335e-05;0,0005441598074997143;0,0001641891864372675;0,00016709970265895078;0,0001316833439497194;0,00032588995314394457;0,0003736022303460881;0,00030348118278717654;6,286680210061084e-05;9,109290398815315e-05;4,926486667500285e-05;4,468281237076813e-06
1951;0,0019418678805647816;0,0008050247093446419;0,00047095025235778716;2,8358605317992313e-05;0,0005394154803590416;0,00016565612181044083;0,0001545740896550082;0,00012969037795431047;0,0003254978569852288;0,00037324406808433456;0,0002920119511275386;6,561936670225675e-05;8,634949608676834e-05;5,206105535242906e-05;6,2160291390357865e-06
1952;0,0019503367574153735;0,0008195335275169263;0,0004764193428335213;3,0982268940858505e-05;0,0005452688908137913;0,00016607362210509433;0,00015742227625586174;0,00012996800933251507;0,00032206061340340445;0,00036256682441100044;0,000285316543470669;6,575153820774306e-05;8,979036059437411e-05;5,35433165233761e-05;7,0071613273674814e-06
1953;0,0018996200846491513;0,0008189452273654751;0,0004962770097855744;3,413818997647208e-05;0,0005349321846941686;0,00016237801219176617;0,00015888725621542626;0,00012849746359019524;0,0003215020115021616;0,0003659172599717359;0,00027621127043987926;6,259796277520633e-05;9,104550875755584e-05;4,9478243470600454e-05;7,819165404043815e-06
1954;0,0018288713753073743;0,0008512219600171583;0,0004949964152599153;3,5719714779653646e-05;0,0005441329124421047;0,00016021118004313654;0,00016654203623797263;0,00013558313704769325;0,0003245559387973377;0,00036497019339419367;0,00028240506578315817;6,578608398350687e-05;8,765196802024937e-05;5,29000325449098e-05;8,737189917594281e-06
1955;0,0018321784279708353;0,0008451212644493872;0,0004976842579448462;3,5307833862978964e-05;0,0005392789976862592;0,00016276930604622715;0,00016647371044850194;0,0001378549443740797;0,0003165397466935766;0,00036748893827669756;0,000280337504981227;6,316485447704119e-05;9,234603258586762e-05;5,552401489694603e-05;1,0045218853552537e-05
1956;0,00184863755358882;0,0008471926256398937;0,0005068655809736811;3,659326474852216e-05;0,0005332316115007936;0,000165711493796802;0,00016646221833330595;0,0001409603539416691;0,00031598485423143884;0,0003666181100925314;0,00027825796808299074;6,520562010337017e-05;8,609235026467234e-05;5,7155612661777665e-05;1,038382794352596e-05
1957;0,001877076075678425;0,0008534605253121949;0,0005226412213232834;3,9536102544194106e-05;0,0005364234311855398;0,00017348110727003326;0,00017012724973548238;0,00014129695305850225;0,000314117080181729;0,00036232173507804485;0,000276405548252764;6,341451523894648e-05;8,032719896229017e-05;5,877418069693314e-05;1,0207183415949267e-05
1958;0,0018373006501600946;0,0008588803341678744;0,0005174657871975796;4,1071396188791755e-05;0,0005342520450670106;0,00016901102526389877;0,00016906329359959012;0,00014432426626496766;0,00031312258995188003;0,00035737059209038435;0,0002760997631412465;6,400690486836018e-05;7,856256810815207e-05;5,79706112700608e-05;8,51649011630278e-06
1959;0,001824182306466225;0,0008671118848724291;0,0005086537644923997;3,951545742048828e-05;0,0005247372882877244;0,0001691132037454476;0,00016412123094206827;0,0001444175495635136;0,00030988019261712907;0,00034623295895081744;0,00027354678227961164;6,192506581166006e-05;7,290445377553365e-05;5,3905628760730906e-05;7,5668171157466134e-06
1960;0,0017824922127017218;0,0008662491252055457;0,0004956735925329017;3,9623721802074995e-05;0,000534110163893534;0,0001718756850875382;0,00016167702402266774;0,00014725433662273905;0,000311026987479376;0,00034439286927019045;0,000280699272739834;6,280285812668549e-05;7,398495703065626e-05;5,625220913836009e-05;7,730949645536254e-06
1961;0,0017372977059234734;0,0008485429264380531;0,0005003319789206476;4,0078052571906096e-05;0,0005313827581890759;0,00017106205599962517;0,00015180877751065834;0,00014592301665418615;0,0003118504277413844;0,00036261639187224707;0,00027780850229776533;6,078743086033813e-05;7,103496143047648e-05;5,4118424941407284e-05;7,313945512724526e-06
1962;0,0016921776737685184;0,0008365625944861677;0,0004812705810763873;4,1433787600908545e-05;0,0005317119303072104;0,00017118801451943;0,0001498519541850588;0,00014663820106112065;0,00031192439564620145;0,0003529613715207753;0,0002769237263627084;5,585848035544976e-05;6,548626255867671e-05;5,133389566123827e-05;7,471662247634672e-06
1963;0,001677188993198797;0,0008359416044965786;0,0004824585695522339;4,37446297090511e-05;0,0005465505832294834;0,0001717996854365213;0,00015113842956842355;0,0001484352342881071;0,00031189603240428757;0,0003437985729500984;0,00027839197238271093;5,418332104259857e-05;6,667404233797112e-05;4,92034741585355e-05;7,806097711084345e-06
1964;0,001657773308189852;0,0008635898016759061;0,0004763223906983123;4,599037920018288e-05;0,0005563547152373108;0,00016914091897238644;0,00015311287435386994;0,00015183105525855872;0,00031055644415443694;0,00034742167827062076;0,00027761962948196536;5,49953987112011e-05;6,635656453519394e-05;4,921303440953904e-05;8,758452807455797e-06
1965;0,001701210515290898;0,000876450563477452;0,0005004292363862208;4,8135057438360355e-05;0,0005725648147095594;0,0001820353207092142;0,0001572399404332308;0,000155385612288228;0,00031233003028319217;0,0003459575834442928;0,00027852910794276146;5,348658679135301e-05;6,549966380069756e-05;5,0428702382175424e-05;9,561876877585615e-06
1966;0,0016985328069755007;0,0008750857757279715;0,0005057072680106753;5,132823080852436e-05;0,0005783379102857518;0,0001794249085053577;0,00015883790151097595;0,00015708410501247272;0,00031333804599853465;0,00034254421085019464;0,0002894005807060499;5,361001415492086e-05;6,686822595319037e-05;5,679657095112946e-05;1,160081574929401e-05
1967;0,001689317624758197;0,000874338508895432;0,0004909343715553405;5,51794556713503e-05;0,0005779344129613102;0,00017748674443802365;0,00015473894856248599;0,00015331729140858182;0,0003063466302981916;0,00032156625106186505;0,0002836810836015502;5,081654949533134e-05;6,373912810886395e-05;5,343322990419048e-05;1,0912462958653382e-05
1968;0,001686896991616647;0,0008752215373013833;0,0004890711417309441;5,752820746757996e-05;0,000576283355258056;0,00017939154629077945;0,00015778085266252413;0,00015173910534420948;0,0003014099190425311;0,00028700230489318656;0,00028163874178842107;4,996422465605324e-05;6,390825433300051e-05;4,9407946026544126e-05;1,0778054360116585e-05
1969;0,0017344388002779204;0,000885645087172244;0,0005031319038347906;6,081483223039998e-05;0,0005622612661682069;0,00017203623526386634;0,0001582470109237225;0,0001506187816500772;0,00029365492732072847;0,0002868202890177989;0,00027825876064265946;4,9023032845850275e-05;5,8848297612712486e-05;4,5732500910032415e-05;1,0050664757597718e-05
1970;0,0017117589387843119;0,0008853436806280765;0,0004950518294728161;6,290640694065328e-05;0,0005593199862882362;0,00017399410775656828;0,00015572041352892744;0,00014503814652146372;0,00029103103185791824;0,0002762634656911749;0,00028138943629788367;4,6197884882661e-05;5,537180771040897e-05;4,628328562310864e-05;1,0499819020586593e-05
1971;0,0016643440046339364;0,000870130887571057;0,0004908606959881061;6,339697620205698e-05;0,0005637613542473575;0,00017261503281978157;0,00014859516893141387;0,00014348191988184617;0,0002855992793878873;0,00025775382255233126;0,0002784099284066802;4,540528664165322e-05;5,459025698785678e-05;4,635402969402743e-05;1,055944715793495e-05
1972;0,0016226431788319523;0,0008604938947038526;0,0004789280735297195;6,63270847261239e-05;0,0005699238759656769;0,00016679610520701056;0,0001465296398756826;0,00014126934989430344;0,0002785723056929003;0,0002517486271764418;0,0002797821382825662;4,7386287909440785e-05;5,2237513159525406e-05;4,682331677940965e-05;1,0006690587260891e-05
1973;0,0016154509986725835;0,0008412756674910529;0,00048147241094349217;6,797050429798089e-05;0,0005783499610905503;0,0001650637256846364;0,00014296996044192513;0,0001404555437797431;0,00027511123984628024;0,00024256290284288947;0,0002726742033181446;4,7673064175666824e-05;5,066696685064796e-05;4,070365540493575e-05;8,356099507571863e-06
1974;0,0016244864387512542;0,0008474816955380707;0,0004973466405187667;6,780652159120239e-05;0,0005958694146102061;0,00016712184073445054;0,00014606641798309283;0,00014275907785434226;0,0002795299678837182;0,00024258578637922516;0,00027555174386049785;4,900638097231942e-05;4,7659828185585085e-05;4,065952461067874e-05;8,970428565037634e-06
1975;0,0016678358926063602;0,0008486037781299924;0,0005056667370289299;7,068962872835982e-05;0,0006199966329794344;0,00017071847651095595;0,00014676866807608997;0,00014319576848720317;0,0002829693195443334;0,00024268140675433515;0,000272109920323211;5,0180300701997886e-05;4,764595514318769e-05;4,2975899613598555e-05;9,182395237823065e-06
1976;0,001641604142475574;0,000849185997659723;0,0005051168175538935;7,734578844065254e-05;0,0006462784897718978;0,00017607445183135236;0,00014791191915719537;0,000143494188315734;0,00028163699425931554;0,00023836495789250227;0,0002773003058921729;5,078431602864189e-05;4,853752224270076e-05;4,464173335756121e-05;9,12588689061522e-06
1977;0,0016931819508109974;0,0008481500442160592;0,0005112174416613666;8,141826940897902e-05;0,0006667183827500724;0,0001737707391060082;0,00014581799924988964;0,00014480124101672636;0,0002791808908243963;0,00023949958826311298;0,00027871351448993664;5,103490009007925e-05;4,824629270063139e-05;4,241398820730475e-05;8,866057044087938e-06
1978;0,0017355351571625632;0,0008355826854053053;0,0005242266135090696;8,272993373533868e-05;0,0006668288213924305;0,00017459572226081427;0,00014683760777448436;0,0001420093846198662;0,0002764998823425101;0,00024268006524965003;0,0002875618162891312;5,6675309727844645e-05;4,745420320822242e-05;4,1555650146360025e-05;8,39243676458474e-06
1979;0,0017602833915069433;0,0008300591032041535;0,0005198078854716316;8,313226658174244e-05;0,0006507448948208808;0,00017138733677971425;0,00014361098205232077;0,00013920804024434932;0,000269571075607798;0,00023749147593272416;0,0002783492066425554;5,3072482484952025e-05;4,7015481235186076e-05;3,651099242623397e-05;8,66836679896161e-06
1980;0,0017631160257483964;0,0008432069859866584;0,0005114549172243901;8,410177737719746e-05;0,0006482253541305129;0,00016947633087381422;0,00014404341754925554;0,00013525760615656118;0,0002624117282071633;0,0002429321317062464;0,0002724565547396196;5,180379624951976e-05;4,496118890529033e-05;3,668858750773195e-05;8,751700469084816e-06
1981;0,0017471765074463163;0,000836263448685973;0,0004990582640727682;8,633987655619941e-05;0,0006294121638867571;0,00017173152368091645;0,00014288489994994182;0,00013385862140629406;0,00025479151710377276;0,0002362621184407284;0,0002659551780327872;6,513538031478154e-05;4,4290316379504346e-05;4,132047795987351e-05;8,515394662416448e-06
1982;0,001720997741878299;0,0008271731530840043;0,00048549462527652007;8,802627624910591e-05;0,0006024908413694772;0,00016837458523306332;0,00013957167084299726;0,00013451800506507943;0,00024604291866126005;0,0002320338613312093;0,0002616689341396393;6,364354468197624e-05;4,306315466757431e-05;3,9823151252806254e-05;8,297176736147907e-06
1983;0,0017107891835621558;0,0008412088391196448;0,0004820413973253121;8,392808094218449e-05;0,0005889256954105804;0,00016688883468824706;0,00013805749371645755;0,00013460183124282463;0,00024061595727939026;0,0002215639548402188;0,00025562545878139123;6,311409411604732e-05;4,201708350137778e-05;3,782105782842596e-05;8,27653080039324e-06
1984;0,0017296876259414212;0,0008370284766507602;0,00048040928959380835;8,19497797367928e-05;0,0005706101871640255;0,00016740648659054256;0,0001377548528580519;0,00013365485074245953;0,00023491754745919025;0,0002209346689596714;0,00024819737843375023;6,147852705648152e-05;4,106093659369695e-05;3,6415255928139754e-05;8,046452190261075e-06
1985;0,0017559697620786858;0,0008361192807829607;0,0004754522186496095;8,126715442813293e-05;0,0005563433010788035;0,00016206941089486854;0,00013796062603432802;0,00013253861652628984;0,00023144945901419433;0,0002141288908725463;0,000236243714165799;5,6006351607201e-05;3,887505296721169e-05;3,749851446497944e-05;8,394352083282034e-06
1986;0,0018074757723037954;0,0008339158349761938;0,0004817074633527747;8,425891776044279e-05;0,0005433031284545515;0,0001607634382188345;0,00014125930972243493;0,0001311599378693375;0,000229077795665944;0,00021004932315398558;0,00023561291137801684;5,538519392952626e-05;3,742673584383738e-05;3,856255870817092e-05;8,447166724831082e-06
1987;0,0018200528107367325;0,0008273099540799325;0,0004883435329767443;8,741256221713099e-05;0,0005234279992042243;0,00016432422528721093;0,00014074044786736652;0,00013101000604365254;0,00022435032341101239;0,00020551212368705559;0,00023032941304076564;5,671870318175414e-05;3,807562823762315e-05;3,697231859080473e-05;8,270326747249004e-06
1988;0,0018704837462532203;0,0008252494158763771;0,0004949989553486896;9,26212391862334e-05;0,0004999841231827824;0,0001648721974691268;0,0001388840425014288;0,00012879509085905738;0,00021839319483011162;0,00020392672500487867;0,00022422360806168787;4,333372284496103e-05;3,762109892185046e-05;3,333660418190577e-05;8,91459716204476e-06
1989;0,0018998332442216842;0,0008308770962425374;0,0005030132537545537;9,387985398591679e-05;0,0004801713982617782;0,00016578696236787697;0,0001408525203519925;0,00012699038214642705;0,00021913706729849636;0,00020582908259062345;0,000221407464908095;4,4667918684483864e-05;3,662491881836364e-05;3,2327892946731094e-05;9,304524744330983e-06
1990;0,0018801245200198275;0,0008206180609704461;0,0005086268824275716;0,00010190488848950605;0,0004562754384096479;0,00017027827457890714;0,00014331873541907823;0,0001275747276200231;0,00022312482802330384;0,00021073574966326954;0,0002152834440494189;4,7205487265143476e-05;3,530242663275983e-05;3,257918836295305e-05;9,372938438088698e-06
1991;0,001821715393037136;0,0008309122027380259;0,0005079735988796788;0,00010696814456423454;0,00043041805578728344;0,00017114607219679913;0,0001462048593176795;0,0001291594441811737;0,00022672755416611575;0,00021320892561301922;0,00020987634863039214;4,9933737094371675e-05;3,613016588133178e-05;3,270849008783573e-05;1,0172103109035951e-05
1992;0,0017816955473140945;0,0008417381780288582;0,0005114860804107073;0,00011500331262530899;0,0004130750442397714;0,00017905434138551106;0,00014893156666013447;0,00013107066121977238;0,0002251600952669313;0,00021711534502953455;0,00020763208924888332;5,1931798696257055e-05;3,632869395784967e-05;2,7859397074995028e-05;1,0388712265044628e-05
1993;0,0017322462943931377;0,0008584703209635336;0,0005170646090846276;0,00011925246212740603;0,00040956303044887524;0,00019084899024944334;0,00015301922725744328;0,00013545480572117543;0,0002272142215328391;0,00022462004705760464;0,00020402297390579145;5,61432975538472e-05;3,6859721522627554e-05;3,062021331093742e-05;1,1013147777865534e-05
1994;0,001691072040037917;0,0008877168511389755;0,0005302295254036185;0,00012489540819972587;0,0003955585595706777;0,00020243509522645454;0,0001605785801725038;0,0001404562551345277;0,0002299968790404299;0,00023786222495151117;0,0002076831378872157;5,8259992994992763e-05;3,732864927639769e-05;3,372608534034173e-05;1,2774960416501407e-05
1995;0,0016647769371047616;0,0009183235566264816;0,0005465823960548732;0,00012575594934917587;0,00038856886866207266;0,00020938847131089588;0,00017035916276394607;0,0001454517977046115;0,00023546999078202395;0,00024288125197407292;0,0002121550258899723;6,060672360165751e-05;3,870762839142117e-05;3,550046443479005e-05;1,3365748482588708e-05
1996;0,0016175408745766617;0,0009450103139637836;0,0005557221811613999;0,00013311658092009435;0,00038623049281990716;0,00021940950643641245;0,0001782565017752599;0,00015012917141835454;0,00023847102446390115;0,00024729697867899503;0,00021301128916612858;6,227859005645899e-05;3,8296369910183004e-05;4,32059301098369e-05;1,5385238124768614e-05
1997;0,0016094927429678918;0,0009710664666532207;0,0005656951998389559;0,0001338061955331276;0,00037833169049658215;0,00022775096957567645;0,00018375895284147452;0,00015234598679723734;0,00023781206307051307;0,000251902685834336;0,00021632977547726896;6,392525863572831e-05;3,836899712236378e-05;4,955879161018726e-05;1,6404058555963275e-05
1998;0,0015614015215500592;0,0010022571197103908;0,000582625586633055;0,000139788932886274;0,000377427055095073;0,0002395592153854003;0,0001927452363556118;0,00016008279674549288;0,00023897750907053705;0,0002609758796877161;0,00022302939929172032;6,758728302104698e-05;3,980238797599408e-05;5,1379062020779595e-05;1,7050847540238984e-05
1999;0,0015471143472365967;0,0010382937294447661;0,000587351035262275;0,00014686945795412093;0,00037981642110805424;0,00025048288664817974;0,00019959326696802497;0,0001623687353458081;0,00024757058716724193;0,0002622929254617442;0,0002254061298247377;7,858376826724063e-05;4,2735799914745644e-05;5,776247503165775e-05;1,848957822403463e-05
2000;0,0015298452516227762;0,0010646981796266378;0,0005928490671586977;0,0001519932116674941;0,0003763824354661795;0,0002552413271977067;0,0002068535163094306;0,00016477983665806408;0,00025145804361922534;0,00026546966702361327;0,00023024962436985722;8,123652719405072e-05;4,364660526334774e-05;5,752030095404084e-05;1,9447642379028756e-05
2001;0,0015391506817000584;0,0010872799066419248;0,0006011655062008815;0,0001583443609628635;0,00038390525592798695;0,0002608013476544459;0,00021259237590649197;0,00016666208791450896;0,00025842521154118003;0,0002673092792195218;0,00023299125717000734;8,557359722414861e-05;4,4587956235123526e-05;5,878027918372806e-05;1,9297631784606244e-05
2002;0,001507796228647099;0,001116718716990103;0,0006053654617841987;0,00016792273852063642;0,00039430416174062496;0,0002688206190474115;0,00021645577947180882;0,0001673027733366845;0,0002628642960189609;0,0002693809327476109;0,0002338456332446575;8,946300178130124e-05;4,630392709259468e-05;5,817710392160993e-05;2,1133692687921473e-05
2003;0,0014821542078737235;0,0011483678593192184;0,0006116800575130453;0,00017501519583415108;0,00040431982272691263;0,0002824996694731193;0,00022621173424600523;0,00016927790673954796;0,0002715580129526123;0,00027282613765627114;0,00023594413310742572;9,494662793128685e-05;5,039068103737268e-05;5,8114509572858105e-05;2,208043992725704e-05
2004;0,001445149583949907;0,0011915835784748197;0,0006265756513000399;0,00018664652381111018;0,00041157672967528924;0,00028852548764137154;0,00023871181643439092;0,00017259525618231107;0,0002807485251261304;0,0002723911848079297;0,00023667789069544857;9,845317094914208e-05;5,383669596475167e-05;5,7841191798096195e-05;2,390506231059979e-05
2005;0,0014329617442854214;0,0012241301452117373;0,0006428630708147207;0,00019678394340059768;0,0004090734039761758;0,0003008701566743964;0,00024397534811474282;0,00017458507630051048;0,0002896279641260792;0,0002737480632017001;0,00023474616942361796;0,00010113711092734384;5,4693510622070925e-05;6,586747726292483e-05;2,4518831358883677e-05
2006;0,001406553398434577;0,0012394870130568356;0,0006550865994843964;0,00019895663664707777;0,0004129209855818772;0,00030438343780285016;0,00024990683111051715;0,00017832240170415997;0,0002919623473947771;0,0002790832695609424;0,00023603958349364498;9,486003117823807e-05;5,394828595702469e-05;6,576422701224752e-05;2,479281301740836e-05
2007;0,001385032865073299;0,001256933082913747;0,0006671330447716173;0,00020526261323539072;0,00041221423089155;0,00030970535135566024;0,0002535032581363339;0,00017978030882659368;0,00029657219329237705;0,0002776348219413194;0,00023666680135647766;9,640935218158121e-05;5,608326773653972e-05;6,897449907228292e-05;2,5825862053352466e-05
2008;0,001347322154288122;0,0012788232652383158;0,0006685141102025227;0,00021187396441746387;0,00041074717955780216;0,000313553539399436;0,00025869783257803647;0,00018160660602006828;0,0003011999922364339;0,0002676435371995467;0,0002346298572319938;9,721194231815389e-05;5,7667642749947845e-05;7,250583138329603e-05;2,756292083461176e-05
