year;policía;doctor;abogado;periodista;pintor;músico;fotógrafo;doctora;profesora;taxista;cartero;albañil;bombero;fotógrafa;dependienta
mean_1800_2008;0,0038683371049009095;0,011964420562749965;0,002125235167625656;0,0009345436398912429;0,0014846541966035691;0,00041867311778322756;0,00011442778247509121;0,00013532578817248105;0,00025673590133443554;2,1168019822577432e-05;6,0722433510145986e-05;0,000124333870839803;2,3107496170362637e-05;4,777159989538867e-06;2,9037770791949963e-06
mean_1900-2008;0,0040064507908014226;0,017485687496296004;0,0023884863508580054;0,0016037866212743135;0,0020705271116734742;0,0005659644433555869;0,0001972844912900045;0,00024362894199829167;0,00042103472286384076;4,051687512772807e-05;6,733505810789513e-05;0,0001520638644007983;3,3710714823075604e-05;9,091014391103596e-06;5,382913308158401e-06
1800;0,001673855763328902;0,004409015446071862;0,0006614756443923397;3,6229724997838275e-06;0,0005860893452336313;0,00028695739899831096;3,6229724997838275e-06;5,320502882710798e-06;9,954381141596969e-06;0,0;7,4402873195822394e-06;8,768604615738695e-05;0,0;0,0;0,0
1801;0,0015824549518583808;0,0037736503873020406;0,0006109856713010231;4,943506866084135e-06;0,0007858664685045368;0,0002674008032954589;2,898377999827062e-06;4,2564023061686385e-06;7,963504913277575e-06;0,0;6,974794288794329e-06;8,344217405920062e-05;0,0;0,0;0,0
1802;0,0016179145707913751;0,0033941329547815258;0,0005691021973082873;6,795815347497107e-06;0,0006875386854214109;0,00024584954871897935;2,4153149998558847e-06;8,364209295545304e-06;9,312480386824973e-06;0,0;7,4180644441905015e-06;7,702857895234652e-05;0,0;0,0;0,0
1803;0,0015407975687204661;0,0029782683993419467;0,0005551302560239232;5,8249845835689484e-06;0,0008199185523543357;0,0002519668149553971;2,070269999876473e-06;8,852531609347483e-06;8,823730723861445e-06;0,0;7,199945630174756e-06;7,780696194004122e-05;0,0;0,0;0,0
1804;0,0015779874827005968;0,003033828235337361;0,0006974151022274912;4,529767240666972e-06;0,000897148340430119;0,0001661546759480968;0,0;8,334964109378364e-06;5,7183256225406306e-06;0,0;7,199945630174756e-06;9,57502278099907e-05;0,0;0,0;0,0
1805;0,0015989481393522248;0,0031745927831902266;0,0007048769215803727;4,529767240666972e-06;0,0008641653282990905;0,00014633288531383317;0,0;7,013511346290865e-06;3,7361464779093827e-06;0,0;5,217766485543507e-06;7,064262612337708e-05;0,0;0,0;0,0
1806;0,0017443861647084952;0,0022598795957102474;0,0006940523560063282;4,529767240666972e-06;0,0007469420154393447;0,00013831248679707642;0,0;7,013511346290865e-06;3,7361464779093827e-06;0,0;6,506238697007965e-06;6,7305066003038e-05;0,0;0,0;0,0
1807;0,002260527890030062;0,0012853206564094372;0,0008114748392732249;1,4025700727821849e-05;0,0007261115984290102;0,00013371750193463022;0,0;8,977555410183413e-06;3,135512928663177e-06;0,0;5,90560514776176e-06;5,9220483145898986e-05;0,0;0,0;0,0
1808;0,002494015526670929;0,0012398170773459632;0,0009443271470185469;4,182018170492289e-05;0,0005379435175914945;0,00012919665063496462;0,0;8,977555410183413e-06;3,135512928663177e-06;0,0;5,175201981241376e-06;5,872686870134203e-05;0,0;0,0;0,0
1809;0,002565513243877961;0,0012359864935465989;0,0010352316816611814;5,6878477394661786e-05;0,001408801991179384;0,00017020175684072974;0,0;1,005418194413973e-05;2,576825153255413e-06;0,0;3,798856949645467e-06;6,618568915785415e-05;0,0;0,0;0,0
1810;0,0027210697875748985;0,0016712303736962247;0,0011261280763262352;9,746656891098025e-05;0,0013522495586520173;0,00014616147154811188;2,0638014218223233e-06;1,1122707681871752e-05;1,7352204752439448e-06;0,0;4,333119818511477e-06;6,678603118156648e-05;0,0;0,0;0,0
1811;0,003078199201159545;0,0019098367504609215;0,0010680209925340023;0,000124277529981295;0,001209389793237798;0,0001402432831452773;2,0638014218223233e-06;1,2272124954344171e-05;1,7352204752439448e-06;0,0;5,482537090983897e-06;4,6194489300432906e-05;0,0;0,0;0,0
1812;0,0033211894593218206;0,0018551514585851692;0,0011604556415737274;0,00013339271569228522;0,0012440755548530952;0,0001797424204141862;2,0638014218223233e-06;1,2272124954344171e-05;1,7352204752439448e-06;0,0;2,2193711300490448e-05;5,2271279774426406e-05;0,0;0,0;0,0
1813;0,003097654215317951;0,0018773087504087016;0,0012373949175525922;0,00018416122316011752;0,001389031634906652;0,0002276701975136218;2,0638014218223233e-06;1,2272124954344171e-05;3,2284118235890806e-06;0,0;1,923645902885645e-05;7,018957595456803e-05;0,0;0,0;0,0
1814;0,0030217089131058727;0,002145131241247457;0,0012630804641438381;0,00017466528967296263;0,0013782913957324386;0,0002342292264399605;2,0638014218223233e-06;1,0080100106993736e-05;3,2284118235890806e-06;0,0;2,1183031658925495e-05;7,067195813955809e-05;0,0;0,0;0,0
1815;0,002945760206785053;0,0023137960202542934;0,001199078971174978;0,00020978304990291818;0,001361979838878012;0,00023805958773794245;2,0638014218223233e-06;1,0080100106993736e-05;3,2284118235890806e-06;0,0;2,1183031658925495e-05;6,386486737548174e-05;0,0;0,0;0,0
1816;0,002836390740412753;0,0023664592585451566;0,0011849005984134106;0,00019243084596252757;0,0005400015116460313;0,0002037494977815056;2,8644871110015757e-06;5,675124370441154e-06;1,4931913483451353e-06;0,0;2,1183031658925495e-05;5,9591332046693424e-05;0,0;0,0;8,006856891792528e-07
1817;0,002932017481985635;0,0026049843264835154;0,001330452804333098;0,0001808198890427905;0,00047848213366056115;0,00020055676697795988;8,006856891792528e-07;4,855198249791621e-06;2,4590958348978475e-06;0,0;2,6085543274640645e-05;5,6867569193335446e-05;0,0;0,0;8,006856891792528e-07
1818;0,002888357890437224;0,003018997488522603;0,0013435181764569798;0,00018273631781084987;0,000500255513153596;0,0002396770225589405;8,006856891792528e-07;4,1333526062154694e-06;5,8796688660679915e-06;0,0;2,5363697631064497e-05;6,295919052133416e-05;0,0;0,0;8,006856891792528e-07
1819;0,0029173749810849714;0,003840862427750835;0,001293293085577066;0,00018488348132450483;0,000524334534800021;0,00022782183382982372;8,006856891792528e-07;4,1333526062154694e-06;5,8796688660679915e-06;0,0;9,67637337875463e-06;8,196672354188195e-05;0,0;0,0;8,006856891792528e-07
1820;0,0031015735917857713;0,004143718017855592;0,0012167896719412446;0,00016599151909498948;0,00042658008883985786;0,0001899006649961978;8,006856891792528e-07;5,313965445452595e-06;4,386477517722856e-06;0,0;9,67637337875463e-06;7,939639406881074e-05;0,0;0,0;8,006856891792528e-07
1821;0,0028775500270837385;0,004239976208607134;0,0011947248887216638;0,00023270830849599278;0,0004386752022713024;0,00017830750250271064;8,006856891792528e-07;6,3029377019217596e-06;4,386477517722856e-06;0,0;1,1654317891692959e-05;8,337581180382716e-05;0,0;0,0;8,006856891792528e-07
1822;0,002963536514601271;0,0043995093229958525;0,001343802724867211;0,00019747535751386228;0,00047877004557709114;0,00019333321087547768;8,006856891792528e-07;9,122947020046013e-06;4,386477517722856e-06;0,0;1,3534324036105056e-05;9,622132535826365e-05;9,400030722060495e-07;0,0;8,006856891792528e-07
1823;0,0031051291443873197;0,00473042751504441;0,0014241087683330989;0,00020890963859138926;0,0005115693608916315;0,00020848978741534144;0,0;8,32226133086676e-06;4,386477517722856e-06;0,0;1,3534324036105056e-05;9,025127708030465e-05;1,4597431073428067e-06;0,0;0,0
1824;0,0029368487957981415;0,004869688564212993;0,0013144254223464355;0,0001971729115471784;0,0005013716580443932;0,00021895443020574542;0,0;6,946594563065186e-06;3,4205730311701444e-06;0,0;8,36822928412013e-06;9,33835029367661e-05;1,4597431073428067e-06;0,0;0,0
1825;0,0026912858239873977;0,004875279721870486;0,0013567641677322431;0,00016767046905182985;0,000533570255356608;0,00019574178671583856;0,0;8,52725889899375e-06;1,0041179824124162e-06;0,0;7,940657655223862e-06;8,52045074241557e-05;4,974156096539316e-06;0,0;0,0
1826;0,0025209551625136684;0,004263243213894644;0,001546525754747563;0,0001589375490393;0,0005736171845325901;0,0002013417664719392;0,0;9,972647063705153e-06;1,365465023590267e-06;0,0;7,639501780382879e-06;8,035561762653742e-05;6,058197245449395e-06;0,0;0,0
1827;0,0022998036261664572;0,004502005633964602;0,0016638408201937898;0,0001453007024159498;0,0006466072201354629;0,0002182396372063522;4,342785432852127e-07;1,0529148397608878e-05;2,668300653445905e-06;0,0;8,073780323668092e-06;7,586461480611564e-05;7,795311418590245e-06;0,0;0,0
1828;0,0022751865669436355;0,0048108095922673655;0,0016900112314033322;8,039796516153988e-05;0,0006605179286062983;0,0002237736842809162;4,342785432852127e-07;1,0985626021563024e-05;5,691720897768196e-06;0,0;4,753947229525173e-06;7,29330851965772e-05;7,795311418590245e-06;0,0;0,0
1829;0,002379111746059997;0,005101983593444207;0,0016335225934329045;5,5140822650758174e-05;0,0006591488857208917;0,00020182831933977596;9,19647799183362e-07;9,136355215235068e-06;7,147828614709592e-06;0,0;2,8739410851130742e-06;7,00272674894872e-05;8,311416063325591e-06;0,0;0,0
1830;0,002310937452421058;0,00570414839395588;0,0015556996653945782;5,9377679357502136e-05;0,0006210486065226308;0,00018323345167508314;9,19647799183362e-07;1,3837696550516349e-05;9,23731372028312e-06;0,0;3,3963123615064565e-06;8,258259660871252e-05;8,314047304582215e-06;1,0447425527867641e-06;0,0
1831;0,0026351344006668243;0,005460036429992344;0,0017522997820508734;6,197718899362112e-05;0,0005726423166509319;0,00019132100663097972;9,19647799183362e-07;1,429898596987706e-05;9,23731372028312e-06;0,0;3,8101753878955994e-06;8,250922149954931e-05;1,0857626264737519e-05;1,0447425527867641e-06;0,0
1832;0,0029343675383383277;0,00554425958918208;0,0017956506910975023;7,964589546613102e-05;0,0006786331011556156;0,00020527519869314607;9,19647799183362e-07;1,554551179846645e-05;9,163127678846195e-06;0,0;6,1350052403343265e-06;9,255300759442824e-05;8,2731452165165e-06;1,0447425527867641e-06;0,0
1833;0,0030305937668474925;0,005650461129594727;0,0016281743877958172;0,0001047829865033886;0,0007303332755067718;0,00020008746040340545;1,3093170991851366e-06;1,5269131483007315e-05;9,970788486920615e-06;0,0;1,1257350607252192e-05;8,205930644830264e-05;9,137450618368348e-06;1,0447425527867641e-06;0,0
1834;0,0031312355921337643;0,005713668672667284;0,0018574874697411098;9,970790862163476e-05;0,0006453290974864753;0,00017156134098123793;8,750385558999239e-07;1,3532017309866467e-05;9,138117868750279e-06;0,0;1,2233567099022885e-05;8,295646775228047e-05;7,400336445227498e-06;1,0447425527867641e-06;0,0
1835;0,003186645023691069;0,005619107728957066;0,001871015449848658;0,0001053369840877037;0,0006898249304348221;0,00019679233511331925;8,750385558999239e-07;1,1113281114408632e-05;1,169704373994916e-05;0,0;1,2249143718382322e-05;8,253870272970485e-05;8,020597113451394e-06;1,0447425527867641e-06;0,0
1836;0,0032655963877914473;0,005193172416641444;0,0019171364458868212;0,00010986858001160726;0,0007329332252733625;0,00021430809056255384;3,896693000017746e-07;1,0142542602612334e-05;1,2578311014976862e-05;0,0;1,2716618716776145e-05;8,629862203893676e-05;7,499439393297638e-06;1,0447425527867641e-06;0,0
1837;0,0034111320149219993;0,004518703255078955;0,0021175914818221436;0,00010644587291608332;0,0007892964179388531;0,00022977021671977127;3,896693000017746e-07;6,461903824726636e-06;1,2530231024194499e-05;3,402341773396854e-07;1,5936823416495827e-05;8,065237255193227e-05;6,9770681169042556e-06;0,0;0,0
1838;0,003150139413524552;0,004391604488773737;0,0020242050335842316;0,00010098674952782209;0,0008007113690057719;0,0002359780247778482;3,896693000017746e-07;7,945479905759254e-06;1,596911656877507e-05;3,402341773396854e-07;1,8162187335032547e-05;8,106476749552323e-05;6,309244834515734e-06;0,0;0,0
1839;0,0031384155590785667;0,0038825441931424265;0,0020559323924576995;0,00010138246255207508;0,0007049178845721014;0,0002255004119433579;3,896693000017746e-07;5,769190940847173e-06;1,5308802834925116e-05;3,402341773396854e-07;1,7185448492844963e-05;7,579037791012004e-05;5,918549307791311e-06;0,0;0,0
1840;0,0033079934447804204;0,0037744740828722046;0,00214271081599041;9,025826557262917e-05;0,0006099050649156977;0,00023529105094764546;0,0;5,352106871977672e-06;1,8150055147714284e-05;3,402341773396854e-07;1,5601310516493478e-05;7,883134977808888e-05;4,220844017156976e-06;0,0;2,5064126012758994e-07
1841;0,0033578335725386365;0,003363665824248788;0,001989934363726726;9,115749110476048e-05;0,0007008481913674457;0,00025226324201607246;0,0;5,352106871977672e-06;1,790312578821483e-05;5,634698295255345e-07;1,4637286785809272e-05;7,957842090685776e-05;4,444079669342825e-06;0,0;2,5064126012758994e-07
1842;0,0032327252743665925;0,0034468086596461944;0,002078938554664741;0,00010085981654940821;0,0006867745014460525;0,00023845666744039463;1,7675725010641535e-07;5,882378622296918e-06;1,338132317333215e-05;5,634698295255345e-07;1,7728928166807884e-05;8,627587330270867e-05;4,354090751438175e-06;0,0;2,5064126012758994e-07
1843;0,0028894913027345736;0,0039615150204294226;0,0020104634131712373;0,00011318152652555518;0,0006305418277666572;0,00022875557468588729;5,95671600933656e-07;6,510750135849516e-06;1,1462862532190294e-05;5,634698295255345e-07;1,7470910343827688e-05;7,645598064495321e-05;3,628597930064156e-06;0,0;2,5064126012758994e-07
1844;0,0030700052125861733;0,004741569448794637;0,001961660005430791;0,00012244563062527698;0,000585221901669034;0,00021633927807280476;8,107969406978555e-07;7,856426315860127e-06;1,0712209455984326e-05;2,2323565218584918e-07;1,5234211746064019e-05;7,795573984432329e-05;3,843723269828356e-06;0,0;2,5064126012758994e-07
1845;0,0032654028213333474;0,005007908995529371;0,002108603296489621;0,0001320899774067844;0,0006239205179424191;0,00019280388089880162;8,107969406978555e-07;5,3554186101629445e-06;8,131364660966614e-06;2,2323565218584918e-07;1,2126230927326071e-05;8,241528470469868e-05;1,9679675920615736e-06;0,0;2,5064126012758994e-07
1846;0,0032755095941995804;0,0052216386393411085;0,0023341481599865282;0,00013789014344313597;0,0007014475288867418;0,00019009858728428038;8,107969406978555e-07;7,040213593053782e-06;1,162983903465634e-05;2,2323565218584918e-07;1,3290201637618437e-05;8,267177845157545e-05;3,940792898354013e-06;0,0;2,5064126012758994e-07
1847;0,003513499723339919;0,0052324026910355315;0,002274243200060612;0,0001335376826513571;0,0007044313211476297;0,00017226496506087381;8,107969406978555e-07;7,743795801421324e-06;1,0348652525392157e-05;2,2323565218584918e-07;9,575114935854248e-06;8,644545386817169e-05;4,9637194037594715e-06;0,0;0,0
1848;0,0035833761233204442;0,005839677292637394;0,0022599174112006687;0,00012837135565340368;0,0007266270456187028;0,00016597350622760132;9,887473316285065e-07;9,879200441836084e-06;1,1726970353517377e-05;0,0;1,250970114798276e-05;8,017252111715476e-05;5,630235718915141e-06;0,0;0,0
1849;0,003828327239066961;0,006152593830068196;0,0023017291173995807;0,00011969815269757028;0,0007263732576185637;0,00020293618620468933;9,922507133402242e-07;1,5658050805151496e-05;1,2288772539242082e-05;0,0;1,240301173512291e-05;7,630679671625071e-05;5,099963968595895e-06;0,0;0,0
1850;0,003977464153389779;0,006106493466566982;0,0023841721745806615;0,00010954604395660032;0,0007691030662369616;0,00024045685742229192;5,733363625129836e-07;1,648240594168523e-05;1,2699987702749888e-05;0,0;1,4683943102714432e-05;9,658915100122352e-05;5,720636307517322e-06;0,0;0,0
1851;0,004168474047868845;0,005635970280439194;0,002471577162006205;0,00012967167403335874;0,0008375440237224602;0,0002460982727825467;1,0226497870746698e-06;1,455898639741398e-05;1,5395868453132217e-05;0,0;1,5171382118848798e-05;9,91597858046589e-05;5,948470160888064e-06;0,0;0,0
1852;0,004246113608782512;0,005497706245348256;0,0023072264281966326;0,00012380558424800775;0,0008011333907883714;0,00027908345958037117;1,4400992271695095e-06;1,6020059386992864e-05;1,745997368272713e-05;0,0;1,807617167060016e-05;0,00010306859589296176;9,705515223247727e-06;0,0;0,0
1853;0,00413509980197497;0,0052601185806062335;0,0021157307596045677;0,00011492645545071615;0,000750764209962134;0,00029885458323925765;1,4400992271695095e-06;1,4118024793674522e-05;1,541434753806113e-05;0,0;1,7975562879460733e-05;0,00010776192149413482;1,942296426550781e-05;0,0;0,0
1854;0,0037909037668474154;0,005426128284722965;0,0021618607986186233;0,00012128365857019423;0,0007947398769049738;0,0003089590888651271;1,4400992271695095e-06;1,4023771299775944e-05;1,3536056694566207e-05;0,0;1,8961157114257992e-05;0,00010192540490347061;1,8319553061831228e-05;0,0;0,0
1855;0,003936200846510474;0,005114199978249546;0,00217570172286027;0,00014527821333233857;0,0007180015407876843;0,0003332650196950583;3,8053503966953684e-06;1,6635676455426358e-05;1,5834079089164072e-05;0,0;2,015786252838682e-05;0,00011027816364211112;2,0481643048242404e-05;0,0;0,0
1856;0,003956782139929211;0,004460905828247113;0,002126641941556175;0,0001568686059272295;0,0007262835684481875;0,00035988927525717633;4,6810183919530705e-06;1,0678530542358139e-05;1,843544791110422e-05;0,0;2,1656304990561432e-05;0,00011531427292408938;2,136158353697023e-05;0,0;0,0
1857;0,0040611226203119645;0,004131962227152793;0,0021255059826736605;0,0001728170721954874;0,0007222767830431362;0,0003201201739752183;6,077471985983201e-06;1,0932580529754432e-05;2,2570486685984698e-05;0,0;3,0647868040237623e-05;0,00011130091804391538;2,316919958746309e-05;0,0;0,0
1858;0,004421664094219783;0,003917948405225096;0,002036781214493593;0,00016665314400857563;0,0006763462092099612;0,00031127209142921074;7,891013049337353e-06;1,205466124381311e-05;2,1713933711404415e-05;0,0;4,365285012194623e-05;0,00011089904319305788;2,3639180314814568e-05;0,0;0,0
1859;0,0043638872219682;0,004212530568890672;0,001998819113526094;0,00015991492026452242;0,0006901092027484472;0,00030860871739995285;1,0361588920204667e-05;1,2037600909715301e-05;2,1811086828701525e-05;0,0;4,4830389559332874e-05;0,00010659727455017025;2,1326147907935982e-05;0,0;0,0
1860;0,004493701843395164;0,004635851343794327;0,0019419147585202673;0,00018126390679234255;0,0007025603931002219;0,0003075372124580359;3,1162720201142034e-05;1,5228536070261661e-05;2,3465427442407156e-05;0,0;4,78218280721064e-05;0,00011611440088797411;1,031228765871869e-05;0,0;0,0
1861;0,004485194066156899;0,004988331472434636;0,0019343624184589964;0,00019021135325861645;0,0007797647997774351;0,0003263823292140192;3,844437190179763e-05;1,6880380851854886e-05;2,562774190956978e-05;0,0;5,344652476781318e-05;0,00012422639526578547;1,428513972509141e-05;0,0;0,0
1862;0,004820226708294025;0,005198137452160674;0,001970370457066955;0,00019618398222779172;0,0007696060297998234;0,0003266112977533859;4,702174964320095e-05;1,4655264303696314e-05;2,700184264118174e-05;0,0;5,930146999487209e-05;0,00012535175691092654;1,2494394395292018e-05;0,0;0,0
1863;0,004744059333461337;0,005787034284107254;0,0019859708897586514;0,00020710831125013229;0,0010484321722157932;0,0002879789901401507;5,260588592039182e-05;1,7346651251922856e-05;2,9141523936816937e-05;0,0;5,848619041769001e-05;0,0001271942941067599;1,272113142444401e-05;0,0;1,3833468973497735e-07
1864;0,004882054366005052;0,006432260800335956;0,001984227856155485;0,00020412117497211772;0,0012015197561205631;0,0002985113350665155;5,6412853715365993e-05;1,889201288106181e-05;2,755857946924932e-05;0,0;5,1817403345921775e-05;0,00012423378003794433;1,2034668778986607e-05;0,0;1,3833468973497735e-07
1865;0,004433259060273745;0,00675305345794186;0,002008095361816231;0,0001981529245702924;0,0012020666547739114;0,0003428873339674153;5,532520828767571e-05;1,9180752173854542e-05;2,6591241919504682e-05;0,0;6,338993898680201e-05;0,0001226854919877951;1,266654479081808e-05;0,0;1,3833468973497735e-07
1866;0,004548772475183276;0,006852851116231509;0,002026927411082267;0,00022828953823201506;0,0012051727935613599;0,0003304808095500838;5,570151354764416e-05;2,1754377144134196e-05;2,7715131726121657e-05;0,0;6,481608717682061e-05;0,0001166626694677169;1,4110209077346424e-05;0,0;1,3833468973497735e-07
1867;0,004485338441944415;0,006433031428189549;0,0020885437801812907;0,0002326022646619614;0,0014198043442905015;0,00030303357172150366;3,741228604375075e-05;1,941487032094561e-05;2,8562890211755333e-05;0,0;6,75197940479068e-05;0,00010827479286490416;1,4607220119192528e-05;0,0;1,3833468973497735e-07
1868;0,00477297773094116;0,0063097173551796;0,00213524087614912;0,00023514539374705886;0,0013694280434200273;0,0002916177956129624;3,406413518242906e-05;2,516275198364123e-05;3,0198475745432264e-05;0,0;7,18065998788526e-05;0,00010017066480421427;1,1715779939842313e-05;0,0;1,3833468973497735e-07
1869;0,004610688379865938;0,006231723559072375;0,0021648075614523676;0,0002365518915732017;0,0014338315525362435;0,0002808376945852485;2,725832745552127e-05;3,003731023909495e-05;3,252701523998829e-05;0,0;7,185262274690883e-05;9,761406058065143e-05;1,2714801605235543e-05;0,0;1,3833468973497735e-07
1870;0,004762497961304949;0,006009478914035883;0,0021838178976655138;0,0002332128864119503;0,0011264843708756547;0,0002820841115992932;2,7722253394456076e-05;3,0065943284236187e-05;3,5571608033738554e-05;0,0;7,274824075206457e-05;9,56285394490156e-05;1,4104121045680324e-05;0,0;0,0
1871;0,005098721417847888;0,005687103891562272;0,002307473187102005;0,000247883901595612;0,0010105269796310626;0,00031103877518035006;2,912635689459161e-05;2,895678607371467e-05;4,093989015733054e-05;0,0;7,63284187347121e-05;9,160382725375322e-05;1,715312752789292e-05;0,0;0,0
1872;0,004889540027111902;0,005899637731740118;0,002240923095087055;0,0002464943690938526;0,0010710178425402514;0,0002810786229799435;3,551291436159383e-05;3,188878626555639e-05;4,505848331908575e-05;0,0;7,578025978156282e-05;9,329367490603804e-05;1,695431208759146e-05;0,0;0,0
1873;0,004938181778665499;0,005475724901771173;0,002216169767572345;0,0002510653855227117;0,0011186373870129631;0,00030227213626078864;3,702564096589153e-05;3,0259677227409808e-05;4,554306859258109e-05;0,0;8,425798918259326e-05;9,391298070633119e-05;1,555946553821741e-05;0,0;0,0
1874;0,005054774893713849;0,005784270615549758;0,0021276253391988575;0,00023534450000235144;0,0008896559328214998;0,0003201324131753479;3,8568012428186194e-05;3,4403190747005806e-05;4,747499490674402e-05;0,0;9,176785827743775e-05;9,587037084202166e-05;1,5648704021486992e-05;0,0;3,003166731169975e-07
1875;0,004972425969234402;0,005843922242222886;0,0020733371327098992;0,00023982270899328535;0,0008986106097706528;0,00032370424248386243;3,988692347840177e-05;2,8493521142536338e-05;5,588230749253853e-05;0,0;0,00010448604054350393;9,519725787348372e-05;1,7698651687071886e-05;0,0;4,5038558279689565e-07
1876;0,004909796812821047;0,005952005137390058;0,0020029531827146585;0,0002477454894947836;0,0008641116892249556;0,0003193625583922507;4,404074291284944e-05;2,6947796324553307e-05;5,613278476955332e-05;1,5397438245047722e-07;0,00010493949105239153;0,0001006783780407464;2,0057764820486617e-05;0,0;4,5038558279689565e-07
1877;0,004827301537651303;0,006055206072882616;0,00206085650071535;0,000263086021082667;0,0008926513926001331;0,0003986455307572864;4,2236704140512824e-05;2,6084113561150192e-05;5,4969165879421264e-05;1,5397438245047722e-07;0,00010520267039737519;0,00010273524091124791;1,9181197684149864e-05;0,0;5,976064722444465e-07
1878;0,004331507131740052;0,006389828299039177;0,0019420722050459255;0,00028909608512809167;0,0009101580352372757;0,00042708913952083094;4,948196590248699e-05;3,10774169065553e-05;5,783261250209242e-05;1,5397438245047722e-07;0,00010688408248630106;0,00010220948638561822;1,9358212556751043e-05;0,0;5,976064722444465e-07
1879;0,004463462028070353;0,006820949160360865;0,002051663432212081;0,0002993257144875575;0,0008843655970330083;0,00042519114750965467;5,8302631243480256e-05;3,315959255749996e-05;8,417406271681622e-05;1,5397438245047722e-07;0,00012893709262178682;0,00010115881049646954;2,101694239594768e-05;0,0;5,976064722444465e-07
1880;0,004371797227317334;0,007640281910425983;0,0020919663906430025;0,000311522561397786;0,0008557049503516673;0,0004116270539660556;6,329044432667226e-05;3,552154156847921e-05;9,472142526841967e-05;1,5397438245047722e-07;0,0001405669394216602;0,00010559624895124995;2,2031308536237964e-05;0,0;5,976064722444465e-07
1881;0,004334877407278067;0,0079273061211487;0,0021009338005179806;0,0003300654043414397;0,000958599619999794;0,0004280684249481835;6,817489090086124e-05;3,480819279794949e-05;0,00010080975861066172;1,5397438245047722e-07;0,00014858298373253222;0,0001073004049041109;2,7698751482928075e-05;0,0;2,972897991274489e-07
1882;0,0042674154039039945;0,008019774499449081;0,0020997501841130933;0,0003641785627093798;0,000914739322459874;0,0004226761672855771;7,040671253629885e-05;3,47811225408025e-05;0,00011698463708853524;4,363982952781953e-07;0,00014645095437312454;0,00011517970668657135;2,5950566850951873e-05;0,0;2,8843284586140984e-07
1883;0,004313841834248576;0,008190130340933268;0,0021305087232446696;0,00037180941165258573;0,000934554905792798;0,0004228580045102197;7,626968080590554e-05;3,275184496942529e-05;0,00018474797635852674;2,8242391282771807e-07;0,00018028783098803354;0,00011224527562652447;2,4470629154750766e-05;0,0;6,97905936216817e-07
1884;0,004409141911310144;0,008685753501984956;0,0020829043673334774;0,0003733155836016522;0,0009830404256458028;0,0003365745312424094;8,066028596788653e-05;3,204488550068163e-05;0,00020980636626128605;2,8242391282771807e-07;0,00021360288704792244;0,00011795020132662363;3,14498627013953e-05;0,0;5,506850467692662e-07
1885;0,00471277952393783;0,008701925357204996;0,0020711481088905464;0,00034830068865890747;0,0009493815858669613;0,00027456481867765045;7,472773648130117e-05;2,8024759757272477e-05;0,0002451944762274901;2,8242391282771807e-07;0,00023443004043396546;0,00011558255924423326;2,9129037264803106e-05;0,0;5,506850467692662e-07
1886;0,004613980438859601;0,008348951087100431;0,0020315457212356186;0,0003628530781237974;0,0009774455780383765;0,00028181704172831293;6,580160304890472e-05;2,4477271612762964e-05;0,0002894004239806236;2,8242391282771807e-07;0,0002106281142135101;0,00012254219460114006;2,7154796709640194e-05;0,0;6,651839079552246e-07
1887;0,004759366233234427;0,008065360660631475;0,0020082550171147367;0,00036004216131654436;0,0009882919390033099;0,0002744676131832031;6,281533160290564e-05;2,276547610741935e-05;0,0003565034530441023;2,8242391282771807e-07;0,000200029431393237;0,00012407599894816355;2,710192035237924e-05;0,0;6,651839079552246e-07
1888;0,004832794469881004;0,008260235751679699;0,002010569525217371;0,0003910111802594786;0,0008612056262791157;0,00025663669021014357;7,452818765939031e-05;2,024262611501269e-05;0,0004322590094878771;2,8242391282771807e-07;0,00020490842546548393;0,00012277554982834511;2,2560786102790837e-05;0,0;6,651839079552246e-07
1889;0,004853798340523748;0,009212669621254983;0,0021071211189597045;0,00038470612772861;0,0008586776337844121;0,0002638472389142927;7,992510567029447e-05;1,950018934897863e-05;0,00047341907572574977;0,0;0,00018912476775767573;0,00012422841564330156;2,4390383300344964e-05;0,0;5,239719515413656e-07
1890;0,004690639252658002;0,009626896748419054;0,0021294330248825383;0,00041126033920591;0,0010185721813676146;0,000275614943997685;8,252861058671053e-05;3,1895916358897534e-05;0,00045047396335056486;0,0;0,0001624389134186848;0,00012374479995612222;2,6417719059931445e-05;0,0;1,1449886118595843e-07
1891;0,004642956004577822;0,010537620359433017;0,0021151749284139703;0,00043865038930692075;0,0009666331996933358;0,0002674812614194317;8,620861129721951e-05;3,3988798569290725e-05;0,000463033656420261;0,0;0,00013359677625755597;0,00011159773813622969;2,1700830643567315e-05;0,0;1,1449886118595843e-07
1892;0,004556115059780755;0,011457748353547816;0,0022155283659230918;0,0004675644244603713;0,0009651806067267898;0,00029348435158941096;8,576884299925171e-05;3,6750151163492516e-05;0,00045704059305405414;0,0;0,0001379599341687156;0,00012250956810281162;2,1649527630935544e-05;0,0;3,816584635631313e-07
1893;0,004825352360577588;0,012200732557435654;0,0022666096161369103;0,0004789765560937147;0,0009125652338428023;0,0002779759483928501;8,797083199039792e-05;3,6098174202184706e-05;0,0004185046918792068;0,0;0,0001190231549636727;0,00012105612410908049;2,3287527791840796e-05;0,0;2,6715960237717287e-07
1894;0,004944429071786415;0,013590325813441138;0,002563528219720216;0,0005795160502332562;0,0010162728488337183;0,0002796755308866393;8,780248858134396e-05;3,87624575231322e-05;0,00039092314766873775;1,2961285378310095e-07;0,00010971328379127954;0,00011728971003321931;2,5888108926405297e-05;0,0;2,6715960237717287e-07
1895;0,005155930401607682;0,015667927177024206;0,0027539406541369055;0,0005567469283310597;0,0010570947844306439;0,00029506310933616727;7,412958374126382e-05;3,8960791519977124e-05;0,000360496820966156;1,2961285378310095e-07;9,126717210555009e-05;0,00011727186769608773;2,738867367822552e-05;0,0;4,013648588089122e-07
1896;0,005436000511898393;0,016487029539088587;0,00279827399936039;0,0005803751004610344;0,0010815071748636132;0,00028732652838568484;7,282122932597954e-05;4,459418728889172e-05;0,00033712036773587376;1,2961285378310095e-07;9,888501121427647e-05;0,0001159675792093497;2,8948293666936866e-05;0,0;4,013648588089122e-07
1897;0,005768015502586162;0,018208214065193067;0,0028978144525483784;0,0005777111385084156;0,0009219202703596757;0,0002809362984277998;6,578865980243011e-05;3,223868390023199e-05;0,00033099117250198366;1,2961285378310095e-07;9,100137715124999e-05;0,00012511486277487296;2,7049487373785398e-05;0,0;4,013648588089122e-07
1898;0,00579302769827856;0,019511645327189138;0,0029956593997277586;0,0006030750487947703;0,0009495131182900099;0,0002734998052541674;6,261978212153605e-05;3,6739259152389945e-05;0,00036396997009952817;1,2961285378310095e-07;8,740189189536198e-05;0,00013052177791905706;2,959920664125093e-05;0,0;6,231405233084583e-07
1899;0,005829399170969347;0,02023449633270502;0,0030946490369387902;0,000630899661960679;0,0010188561386062897;0,00026235424326971824;6,689226341092893e-05;3,538952394624825e-05;0,0003436731373897471;1,2961285378310095e-07;6,3697104581349e-05;0,00012227001207065769;2,80463943624909e-05;1,926713138240237e-07;3,559809209312854e-07
1900;0,005723716874074723;0,021009549423719624;0,0030993451998386134;0,0006370951788475006;0,001020907542884483;0,0002964193884378931;7,302981625148927e-05;3,561458206442174e-05;0,000370870946296366;1,2961285378310095e-07;7,109173582518582e-05;0,00012525522054472406;2,9235968363699226e-05;1,926713138240237e-07;5,488841254524297e-07
1901;0,005568693762013156;0,021679438941646367;0,002975778495186075;0,000573386023461353;0,0009463382411922794;0,0002993938876118461;8,030080493881542e-05;3,4932491895948e-05;0,00038981383048459454;0,0;7,911419288575416e-05;0,00012937156270709238;2,7823663170270917e-05;1,926713138240237e-07;6,473326636629346e-07
1902;0,005387831073936208;0,020528827527804033;0,0028485917937359773;0,0005960162785153703;0,0009257520235093711;0,0002967139672754066;9,048843350813383e-05;3,810037908026841e-05;0,00037449528917932184;0,0;9,035261915154738e-05;0,00013206830219912393;2,8412731925949887e-05;1,926713138240237e-07;5,131274072311953e-07
1903;0,00519002709812152;0,02029934195369216;0,002785797577027032;0,000594230752020459;0,001075174272305698;0,0003322097947083031;9,397054116431849e-05;3,566760337240079e-05;0,0003751986858852823;0,0;9,304096368266203e-05;0,00012956895229113537;2,628747525688725e-05;1,926713138240237e-07;6,892081572118514e-07
1904;0,004960980420167159;0,019578516159007058;0,0027156733787186177;0,0005757618509960594;0,001105083616234229;0,00033712786132257733;9,766053982015625e-05;4,012103837729748e-05;0,00038294697982824545;7,995584511937587e-08;0,00010482925176802382;0,00012823609917437091;2,6057974216493153e-05;1,926713138240237e-07;1,0889873891528623e-06
1905;0,004985841327912307;0,01905036042444408;0,002658679035708441;0,0005853640816764839;0,0012489411866616657;0,0003424924638498591;9,922769501307421e-05;4,362572667560016e-05;0,000365235941249661;7,995584511937587e-08;0,00011654290363237254;0,00013820885149990709;2,123516966077789e-05;3,6200707193805623e-07;9,518796037103324e-07
1906;0,004816710082065713;0,019824591955901787;0,002529977843680951;0,0005869662345503457;0,0012742613892312096;0,00035716796966361083;9,937138705546595e-05;4,93290627900933e-05;0,0003937758752467094;7,995584511937587e-08;0,00011176371117471717;0,00015496715540003997;2,1648336050767674e-05;1,693357581140325e-07;9,518796037103324e-07
1907;0,00483012554468587;0,020720389563523765;0,002574569459414176;0,0006493671857502445;0,0012987273943768482;0,0003436635811989878;9,399906600395167e-05;5,449048866726766e-05;0,0003693959960011333;7,995584511937587e-08;0,00010777098639534546;0,00015193870207700196;2,0145972001728296e-05;1,693357581140325e-07;9,869473619314055e-07
1908;0,004774032536910714;0,02098311483028478;0,0025059870365242076;0,0006612249308091123;0,0013193203942916756;0,00035184589900641834;9,284761810184656e-05;5,8289543046287554e-05;0,00034240209905484723;7,995584511937587e-08;0,00010512709666597533;0,00015110032336451695;1,9958606348576984e-05;1,693357581140325e-07;8,884988237209005e-07
1909;0,004684946179622784;0,022318719545312758;0,0024276750471991754;0,0006718152105479801;0,0013468534494417586;0,000346888698134405;9,002647110329625e-05;6,546713474823005e-05;0,00039609035736378113;7,995584511937587e-08;0,00010036239521988527;0,0001511815038871386;1,8569244377074157e-05;1,693357581140325e-07;8,884988237209005e-07
1910;0,004616137396494325;0,023208469584850327;0,002408604242581142;0,0006858756673214625;0,0012622162103070877;0,00034326782432409734;9,102457495048708e-05;8,595629878982436e-05;0,00042638141946684167;1,6672886563437066e-07;9,092619279726932e-05;0,0001561635631982686;1,9917057260597305e-05;1,693357581140325e-07;7,124180737402444e-07
1911;0,004526386796247347;0,024307230238004456;0,00244437599446558;0,0007211887675241867;0,001480627737951831;0,0003522867375847584;9,309499497638691e-05;9,123836548496911e-05;0,00042777219927562073;8,677302051499477e-08;8,081461016575173e-05;0,00015422097184065415;2,161203340733664e-05;1,693357581140325e-07;6,568787038117665e-07
1912;0,004402666361004647;0,025562495700017153;0,00247668397475666;0,0007190704179395523;0,0014491267393168528;0,00036426867089695795;9,20112711355614e-05;9,49296285008521e-05;0,0004322264625703351;8,677302051499477e-08;7,180742857469471e-05;0,00014454682936307757;2,4608995273313538e-05;0,0;6,643238530707711e-07
1913;0,00439022400574426;0,026597274076526185;0,0025212335458490998;0,000746382193028694;0,0015858732175339746;0,000370909560842847;9,241847952320572e-05;9,716112653482663e-05;0,00041885398007122736;8,677302051499477e-08;7,129733765915651e-05;0,0001314768123198259;2,7229968273851614e-05;0,0;7,437035368492875e-07
1914;0,0042617231104356635;0,02699758271254333;0,0024622890902849448;0,0007473192714054935;0,0017603133138826316;0,0003881303590398082;9,320755956261044e-05;9,995838062033208e-05;0,0004407190285097126;8,677302051499477e-08;7,234189963258229e-05;0,00012997211180325912;2,8573891443427003e-05;0,0;8,445879678171359e-07
1915;0,00423262946631959;0,029385364697580893;0,002421992524302498;0,0007681932012409171;0,0018382517347553013;0,000401015427087259;9,168994259718082e-05;0,00010583549559279554;0,0004671040967098504;1,6253098549563155e-07;7,462752640614261e-05;0,0001262566351150391;4,580058511497295e-05;0,0;9,203459327977725e-07
1916;0,004297028551393721;0,030488100933975408;0,0024827026209095493;0,0008089912755947029;0,0019149247106854872;0,0004235175668197501;8,67868396068973e-05;0,0001076087211718654;0,00042549081626930274;1,6253098549563155e-07;6,466688578906801e-05;0,00013053049526336378;4,5577434905551074e-05;0,0;9,203459327977725e-07
1917;0,004320189639526818;0,03144061068139438;0,0025408144730525756;0,0008310143584822072;0,0019558814398936064;0,00041353651860325566;8,255680735861201e-05;0,0001014423227323797;0,0003875153652188601;7,575796498063678e-08;6,900032920904258e-05;0,00013001945181453526;4,395651477092802e-05;0,0;9,951748948720609e-07
1918;0,004392380131840972;0,034914420185876746;0,0025150627022542593;0,0008679959786864597;0,00182231533472077;0,0004118811895230985;7,649487413021103e-05;0,00010704680854749831;0,0003690482831838641;2,344518484116114e-07;7,799229950121247e-05;0,00013210406726622232;4,406337999236192e-05;0,0;6,509350328595279e-07
1919;0,004351431562099606;0,03466290862499071;0,0024619060630876838;0,0009170928803671683;0,001806399905035505;0,00040778443560286954;7,992104705018781e-05;0,00011267684547939489;0,00033669096280521316;2,344518484116114e-07;7,429797587324824e-05;0,00013456761881311;4,273942266763697e-05;0,0;1,2151608354469902e-06
1920;0,004485622464146998;0,034776265550005646;0,002425482723213333;0,0009403629909294458;0,0016984674662775695;0,00039095577579116385;8,033699957975062e-05;0,0001163312528465862;0,0003271200057497481;2,344518484116114e-07;9,101743135683396e-05;0,00013740199895957112;4,200814426472529e-05;0,0;1,5308060914114615e-06
1921;0,0044558756988927984;0,03452038425686104;0,0024426513326553895;0,000931965015687248;0,0016446627471720732;0,00040684152346719723;8,378052354731023e-05;0,000123548391327079;0,00029516593908088647;2,344518484116114e-07;9,122810118762053e-05;0,00014548217401560187;4,422503922439448e-05;0,0;1,3618565894038933e-06
1922;0,004441586341792052;0,03257645792993052;0,0025364246799394357;0,0009845753733575943;0,0016851568294181823;0,00041954785306838203;8,772680644142383e-05;0,00012600628938993656;0,00024757190268636417;1,5869388343097463e-07;8,37199244025604e-05;0,00014789334272791166;2,9606500260927404e-05;0,0;1,3600423454107613e-06
1923;0,004407334303583151;0,0324172292104257;0,0025226569570285;0,001000297899216613;0,0017307161864924376;0,0004056790917924705;9,879353066415724e-05;0,00014054167780029405;0,00022780515272253458;3,7382089804590836e-07;8,373867461029607e-05;0,00014464439703130796;2,928465749261834e-05;0,0;1,4317513523971165e-06
1924;0,00432991910201963;0,0324763756777559;0,002486381708877161;0,0010814241120117782;0,0017967360690818168;0,00042076926547451876;9,844457622421032e-05;0,0001483869985869595;0,00021616623208891336;6,643024670032511e-07;7,79542338997479e-05;0,00014281795301940292;3,146079815711086e-05;0,0;1,5021631748014997e-06
1925;0,004207626625429839;0,03022339328059128;0,0025093260514300448;0,0011068399414528227;0,0019489464258575545;0,00046690664216190016;0,0001034974185846035;0,0001579959432872004;0,00020782551278638754;5,056085835722765e-07;6,38540675319226e-05;0,0001395803289077386;3,425800839197889e-05;1,8627740619844448e-07;1,5021631748014997e-06
1926;0,00423645339781485;0,029982987325638533;0,0024557631020018433;0,0010933413250313606;0,0019923926759344924;0,000496900059131024;0,00010336743230254797;0,0001581909308307721;0,00019824573850460832;5,056085835722765e-07;6,237624014764671e-05;0,00014427592499747073;3,460109517001391e-05;1,8627740619844448e-07;1,3636501769046357e-06
1927;0,004113299707699168;0,028614396537055393;0,0024021652539626564;0,0011203391685350133;0,0019992118853094454;0,0005216453895887493;0,00010428773375029517;0,00016278666440224958;0,0002010135127810437;5,617406984015361e-07;4,4886736613339705e-05;0,00014233093159938498;3,2954362438886164e-05;2,424095210277041e-07;1,2492858113079462e-06
1928;0,004087413357670552;0,02828602051262611;0,0024782036884321962;0,0011470069434186111;0,0020231536317234194;0,0005055935746765629;0,00010633301193203288;0,0001732260264881396;0,00023401846159945956;6,965337386231698e-07;4,32497866345979e-05;0,00014225954276168653;3,047506688907171e-05;9,163747348241356e-07;1,2915694735937677e-06
1929;0,0039919551844442526;0,027754281264995892;0,0024043035019920872;0,0011022851140296552;0,002068284421901418;0,0004860451131857449;0,00010358071774265097;0,00018336465278220464;0,00023208056226004762;6,965337386231698e-07;4,177818401071168e-05;0,00014642947689935681;2,769566732143046e-05;9,163747348241356e-07;1,3635806705991627e-06
1930;0,0038968133074896672;0,027437707259585817;0,002400053719091894;0,0011255302264804154;0,0020005911080391214;0,0004917688686743661;9,5170149247029e-05;0,00017642682256077284;0,00023088660035292766;5,47880388676195e-07;4,229363769679496e-05;0,0001485285679336812;2,8201757881366317e-05;9,163747348241356e-07;1,3583453282807665e-06
1931;0,0038611060257868045;0,026657734997570515;0,0023558598383845364;0,0011019705587906564;0,002050628648118748;0,0004900445251873212;0,00010220584515861577;0,0001708794798105373;0,00025592341086978977;3,807969368401538e-07;4,3724639096711015e-05;0,0001548570756832695;2,545580234222403e-05;9,163747348241356e-07;1,2748036023627459e-06
1932;0,0039002737009598476;0,025290990431260853;0,0023081868805872674;0,0011088801329606213;0,0019383779804879203;0,0004725201603962757;0,00010601739778134549;0,0001599971645711256;0,00025882803486508365;4,881537650293564e-07;4,61892475251651e-05;0,00015569893808528183;1,9965565099612703e-05;8,374541568148937e-07;1,4358388509906815e-06
1933;0,003951033016034801;0,025222419312090745;0,002392428619454482;0,001153647839860891;0,0018944527645154657;0,00048090616928675445;0,00010778916329659945;0,00016777904485414702;0,0002671471000732189;5,904463901933761e-07;4,9648244271338626e-05;0,00015435134953025096;2,171114691204171e-05;1,0931857197249428e-06;1,0203056431480815e-06
1934;0,003917804497177713;0,025565584447966624;0,0024944016851285206;0,0012028796455914354;0,0018817457982679897;0,0004669398517112963;0,00011110650299477648;0,00017783709803812338;0,00028286099872535227;5,343142753641164e-07;5,156940078774954e-05;0,0001573791694551931;2,299828310015073e-05;1,243223149823994e-06;9,458146139300943e-07
1935;0,003996438993323993;0,026275444750873636;0,0023882609249475145;0,001252937909157481;0,0018262770676561297;0,000468470414359347;0,00010958827212042315;0,00016904004464127605;0,0002461987475856274;4,4590164576569743e-07;5,313764087791892e-05;0,00015562034312616952;2,3828058561191157e-05;5,692579360275626e-07;8,827662918114193e-07
1936;0,003994333383161575;0,026504669222049415;0,0024271734478783663;0,0013174133528082166;0,00172246923934186;0,0004752192710709226;0,00011098125176951207;0,00016584287193057077;0,00026088737610864755;7,377265211415209e-07;5,506430430354417e-05;0,00016370219912330088;2,4462863937709957e-05;1,0278398830467137e-06;9,035684454618474e-07
1937;0,003923074733133295;0,026109332351812294;0,0025537799956509843;0,0013315196935894033;0,0018200152356127675;0,0004966332068891331;0,00011394771815633118;0,00017081008698888972;0,0002590921017794504;9,778014461606484e-07;5,333811868370373e-05;0,00016351286668785697;2,5121173661903284e-05;1,0716325382631453e-06;1,6691552457664168e-06
1938;0,003856649449776991;0,02616299981517451;0,002592025313268615;0,0013444778492807277;0,0017988027268854368;0,0005172198338446574;0,00010963194491913391;0,00017803536301081685;0,00023869763806162937;8,955451967297888e-07;5,1714595120496855e-05;0,00016438231601309132;2,6726146172352727e-05;1,195058138162405e-06;1,7308817871050256e-06
1939;0,003751533222384751;0,02603199869294518;0,0026026999486410724;0,0013612945882154495;0,0018279427812168641;0,0005189200562329331;0,00010416722813845678;0,00018218411079422886;0,00022963153339463006;7,88188368540586e-07;4,664370375654211e-05;0,00016073158966329565;3,012807151695337e-05;1,4444267020558804e-06;1,6887550025046494e-06
1940;0,0035427615200335693;0,025148871853681545;0,002552768637542613;0,0014289273817017342;0,0019708754085253793;0,0005249985471371994;0,00010220732227545732;0,00018669480173879753;0,00022345399526914534;8,421921541109815e-07;4,5777008088927164e-05;0,00015796884846557596;3,054067596914527e-05;1,3449915498802462e-06;1,7036846853914412e-06
1941;0,003370302848842195;0,023982198035810143;0,0024788844841948177;0,0013973461786268412;0,0022160453227115795;0,0005589529856868987;9,904023272611084e-05;0,00018216446570867056;0,00021403891586097804;8,421921541109815e-07;4,343370473439531e-05;0,00015724679087725235;3,0025525989328473e-05;1,1388220049519354e-06;2,1676346432083652e-06
1942;0,0031638481492076865;0,02254177088616416;0,0024657854737597518;0,0014150749458557194;0,0023400053448442903;0,0006116692994900015;9,799508039317776e-05;0,00018929347009231736;0,00021796854038517007;8,259021910816955e-07;4,2023892936932885e-05;0,00015762373745279286;2,8406487371869715e-05;1,1990029001397926e-06;2,2993074365120137e-06
1943;0,00307136352993049;0,021710781688203236;0,002391509821921188;0,001425584767795434;0,0025342126069257836;0,0006599047537747538;9,871232090777733e-05;0,0001945248966096967;0,00021117433236992966;6,520967258235746e-07;4,022513410615959e-05;0,00015002399485248525;2,8205307955886383e-05;8,879452189398357e-07;2,6046280053394966e-06
1944;0,00300195232349714;0,020355385952695672;0,002280113715512146;0,001463228311747246;0,0025969930512863876;0,0007035997701417987;0,00010969609840166022;0,00019300273866714894;0,00021383788180173724;5,864188753637986e-07;4,285619224577074e-05;0,0001493930913706468;2,650376822137852e-05;9,473828832540221e-07;1,9446180792621296e-06
1945;0,0029004625373220605;0,01909025283696662;0,002274067238821382;0,0014881813253201212;0,0026578565666568466;0,0007304628135378673;0,00011457782258211019;0,00019277579700168905;0,00021942664878744314;5,791591904470903e-07;4,2974883740498626e-05;0,0001439240220081826;2,8277810721582295e-05;8,917216489022297e-07;1,990603390059472e-06
1946;0,002841442099971963;0,01832542911870405;0,0022184203511902262;0,0015164261120454675;0,0027253038881878766;0,0007684651921278731;0,00011828530627358953;0,0002052773376297929;0,0002363762080546751;1,0441969257511476e-06;4,4692493312530655e-05;0,0001507506453890528;2,767807895257387e-05;6,346471982863835e-07;2,502817559551269e-06
1947;0,002771093438371151;0,017949976816972985;0,0022650135308919872;0,001440377997953744;0,002703418379366797;0,0007848309451219393;0,0001193191662553415;0,00020273138261472923;0,00024246212108534692;1,1818281654894593e-06;4,4287112846827116e-05;0,00015058016060720547;2,4899705408643058e-05;8,375956880460729e-07;2,744840151994562e-06
1948;0,002751436763251799;0,017954318900592625;0,0022529865548546824;0,0014390808376317313;0,0026186829407898976;0,0007955207170847903;0,0001218863482271055;0,00020577903114826768;0,000243264227200208;1,747099423862356e-06;4,5037672537416385e-05;0,0001477912486994423;2,9673742371219956e-05;1,0142429562876032e-06;2,5340035466773055e-06
1949;0,002770570946657764;0,017801685109069303;0,002310365640109272;0,0014350576748256572;0,002672926608024032;0,0007708256751876824;0,0001247996286630431;0,0002058359541479149;0,000239659802251221;2,065505598304794e-06;4,136934746514141e-05;0,00014490427539775346;3,0257297315269428e-05;1,0491065920754345e-06;2,5166416125646914e-06
1950;0,0027355536596067914;0,017507706070318818;0,0023328653177096775;0,0014305069401286477;0,002668206200594016;0,0007737314457959396;0,000126940015629121;0,00020636579003101882;0,00024425772673047116;2,3833644169357626e-06;4,3180049910266204e-05;0,0001434590249768267;2,9871040802780567e-05;9,949848056578503e-07;2,4493080452714366e-06
1951;0,0028115053802529083;0,01758229877201042;0,0023420375457914944;0,0014282143508483256;0,002712445997791032;0,0007709531733520894;0,0001193978083132866;0,0002082232819183056;0,00024547701156864477;2,8889639918412106e-06;4,290712435509444e-05;0,00014037288695232877;2,9408589341528568e-05;8,917544861272323e-07;2,6193897209988596e-06
1952;0,0028482284895809634;0,017186221832941686;0,002348508626580172;0,001477463099165886;0,002721891412095699;0,0007506768140176843;0,00011992426120091944;0,00020956588124525818;0,00023793634552151034;4,362937236887124e-06;5,8513532102162056e-05;0,00013955444728708244;2,776684868065006e-05;9,399790025708756e-07;2,710953797954322e-06
1953;0,0028483992667003933;0,017024220765701363;0,002359708690034625;0,001504863212176133;0,0027558238798519596;0,0007162648671510397;0,00012295705736115842;0,00019858567189398206;0,00022940316414730787;6,052907610053029e-06;5,790192411885593e-05;0,0001360376732658811;2,723395502763586e-05;1,1063784555176426e-06;2,824772238341211e-06
1954;0,0029097059398606817;0,016916989989113063;0,0023322036213357933;0,00155097798467198;0,0027927513656322844;0,0006951782000084807;0,00012775430734888817;0,0001931641479911507;0,0002328357173350274;7,715970567241065e-06;5,895416888636516e-05;0,00013963856742650802;2,762691459728168e-05;8,014944073510475e-07;2,818872881147984e-06
1955;0,002941175911733548;0,01663013141036832;0,0023528760721092112;0,0016090047860676088;0,0027769159974663387;0,0006923829459992703;0,00012903796167457976;0,00019354159154058185;0,00023398570192512125;9,604651829420163e-06;5,988681104034705e-05;0,000140323626445544;2,232642454405972e-05;8,975085246427334e-07;2,932178918716285e-06
1956;0,002914993352273346;0,016615976554541185;0,002281524809534728;0,0016374275609060923;0,002739199979779577;0,0006834118006996245;0,00013350992113763432;0,0001954756661299533;0,000247615171896801;1,233081492151606e-05;5,9489704946307545e-05;0,00014302602916619174;2,2655042438860358e-05;8,833760897378591e-07;3,2181408268375634e-06
1957;0,0030478014066050363;0,016504376045694307;0,0022728865068139775;0,0017406359932335492;0,002738807052082848;0,0006514994181218624;0,00013804632804489562;0,00019081654727415298;0,00024280865480769923;1,3061331977886376e-05;6,0856479779301616e-05;0,0001456347701735337;2,306495515215699e-05;1,0980780094728613e-06;3,165516077834647e-06
1958;0,003012911630711252;0,016112654910622432;0,00223179083280099;0,0017927121786799815;0,0027329393820504527;0,0006439152847243739;0,0001432033432787908;0,0001922374865768818;0,00025559501669444477;1,4561954080655986e-05;6,104546303374394e-05;0,00015341189509854303;2,3961895781862298e-05;1,3732321819353338e-06;3,259044665883591e-06
1959;0,003041059712164237;0,015941825820066566;0,0022067415816958862;0,0017679870195154634;0,0027670573087691863;0,0006296328787617053;0,00014282133763897167;0,00018627479870961646;0,0002626512468850706;1,6172028592466502e-05;4,616977784215643e-05;0,00016338152590833488;2,4393254096009643e-05;1,49215583381387e-06;3,937719813710114e-06
1960;0,0030727994661512116;0,015614167412942543;0,00225649697053346;0,0017814383162268704;0,0027757873665125643;0,0006385902906913543;0,00014597680189711224;0,00019178379001719544;0,0002814367007886176;1,724443896884103e-05;4,827023758480209e-05;0,00017008759089419203;2,4706305014530828e-05;1,5711753422108032e-06;3,59874332238925e-06
1961;0,0030833404577736345;0,015205857302394828;0,0022336280380841345;0,0018047359065219227;0,0027893082005903125;0,0006295441055824215;0,0001469039813985416;0,0001925138950095321;0,0002869512465102681;1,7896518857339417e-05;4,902342750158693e-05;0,00016674836810385126;2,4580124805392446e-05;1,7375819957469015e-06;3,626723454885905e-06
1962;0,003156332007035546;0,015162982370903983;0,002202715586463455;0,0018348689991398714;0,0027570865443392123;0,000608844499895765;0,00015692887213195457;0,00018959603949042503;0,00029087429668704445;1,804463209964524e-05;5,090946777792331e-05;0,00016865552002595256;2,6157003065106566e-05;1,8475773355675074e-06;3,4367912452434468e-06
1963;0,0032498265292295924;0,014419726254085878;0,002199679459278871;0,0018587909185693468;0,0027436590763889918;0,0006095030325273651;0,0001605742048533492;0,0002010917179567124;0,000293474226964463;1,7984754054266106e-05;5,501979306440521e-05;0,0001638930143599282;2,667240884030824e-05;2,269128834037864e-06;3,399840840602662e-06
1964;0,003235640594669219;0,01388207435541387;0,0022198699818026008;0,0018573832286555053;0,002715806294872891;0,00061675192617778;0,00017201837018936722;0,00020908369963633177;0,00030856563820894474;2,107208660260897e-05;5,46523222867888e-05;0,00016600662320342963;2,7337469126515703e-05;2,3997497576390614e-06;3,7153469634176872e-06
1965;0,003318485011862192;0,01361015165457502;0,002241905037538215;0,0018846570518300204;0,0026711271597637926;0,0005979058706933367;0,00017612583016151411;0,00021616065006518123;0,00030294465886981925;2,5437930162297562e-05;5,5644366625529074e-05;0,00016449027303419176;2,927116388004184e-05;2,865388967368939e-06;4,002411405476128e-06
1966;0,003411658586368763;0,013425383804133162;0,0022393987819668837;0,0019384470111357848;0,00259438316529018;0,0005957849160560207;0,00018552953926181153;0,00022841714521096686;0,0003111414603803756;2,903217668810092e-05;5,891983180715345e-05;0,00015960548255731868;3,0194652619489458e-05;3,1297292376767217e-06;3,931830962398765e-06
1967;0,0034916461507756525;0,013182579069897265;0,002234041546346686;0,0019621829518915285;0,0024890984994791715;0,0005896419159918358;0,00019017239927572;0,00022781165885784764;0,0003164992222082219;3,289528690077402e-05;6,041035801120285e-05;0,0001529329909187384;3,04022740189274e-05;3,04727151448755e-06;4,121120613019359e-06
1968;0,0036214231970786515;0,012850310512086644;0,0022354969457540263;0,001981310534964515;0,0023790690517801394;0,0005996784433851385;0,0001957311789218303;0,00023518898128064132;0,00032403337237545723;3,751910782057166e-05;5,9607879165923805e-05;0,00015601227200282404;3,619338956793529e-05;3,2026827666088916e-06;4,235666928309456e-06
1969;0,003778191915314112;0,012412674758317217;0,002287693236472218;0,001966728866266619;0,002353432423011067;0,0005971129797087217;0,00019557156909805987;0,0002459816576967049;0,0003477471766797992;4,1727538554628806e-05;5,905969909950468e-05;0,00015937653188302647;3,666119060393872e-05;3,1010416583805115e-06;4,183616830744086e-06
1970;0,003874568938044831;0,012248850751867785;0,0022831753865050685;0,0019846871509798802;0,0023121103108029012;0,00058623741097108;0,00020002812074640782;0,00024011578391634557;0,00035022268483381983;4,634383888709895e-05;6,434764746440383e-05;0,0001635986645201878;3,755649718836399e-05;3,0394175049812996e-06;4,4260198553810625e-06
1971;0,003987098846534666;0,011953344385671829;0,0022978109232748727;0,0019583593841941494;0,00221673066594771;0,0005654841450970187;0,00019482456699344245;0,00024146312236033348;0,00035116608095060134;4,9284868656026705e-05;6,576073019459727e-05;0,0001615842474425985;3,948337012259019e-05;3,2959839302293403e-06;4,6199515324474305e-06
1972;0,003983432075723873;0,011746421556121536;0,0022936073946766555;0,0019345357421635917;0,002192594443580934;0,0005566269075123793;0,00019484840225101962;0,00024203116676549792;0,0003641022073809706;4,9465484559212716e-05;6,915122331260395e-05;0,00016181942328330479;4,0802564983875656e-05;3,1755371411788606e-06;4,623485721262048e-06
1973;0,004014248146891727;0,011489104924424152;0,002316927176642431;0,0019261983782468762;0,0021060296213753255;0,0005485865715724815;0,0001991921944214222;0,0002413382714751476;0,0003742866251091722;5,1584465917845333e-05;6,680918756631269e-05;0,00015969727006189975;4,204185708139059e-05;3,4568546120843687e-06;4,71864992793566e-06
1974;0,004014737299127903;0,011229550727875903;0,002288214948618718;0,0019448008710501847;0,0021076972448749337;0,0005539907046373368;0,00021054911972636807;0,00025239332249579353;0,00038723782966241876;5,2817030190713664e-05;6,971390819541869e-05;0,00016304348621685807;4,215268916141213e-05;3,885329543809998e-06;4,904624642928671e-06
1975;0,004096530236503375;0,011014310335407831;0,0023211526370557423;0,001995069630668565;0,0021447295564160284;0,0005625355307919173;0,00021779538071444094;0,0002608048946837828;0,0003969326176697255;5,323322795902641e-05;7,092013853642649e-05;0,0001646779829960516;3,843428584916962e-05;4,507496420558255e-06;4,951970084781416e-06
1976;0,004047846128482239;0,010783376533903979;0,0022851003450341523;0,002032153523552032;0,0021405116837870863;0,0005535184170314876;0,00022102395048152957;0,00026545415039436193;0,00038472368422454953;5,3986262368458225e-05;7,103960472574857e-05;0,00016280495986263434;3,881159094427338e-05;5,8878344739403995e-06;5,539479985827711e-06
1977;0,003982253162705872;0,0105040698794515;0,002301965339159194;0,0020393440666209373;0,0021316690565851915;0,0005736605154587389;0,00022070558835756468;0,00027806100726073576;0,00040895942804906687;5,446849513646157e-05;6,466541760476372e-05;0,00016275547685446718;3,959230850471483e-05;6,544515278911994e-06;5,322534489339757e-06
1978;0,003911656884676111;0,010434281596514796;0,002308565880022278;0,0020480274023222072;0,002175577200042816;0,0005934823743051051;0,00023515347038483014;0,00028443936831276266;0,0004221557251834643;5,536451551181796e-05;6,309779873195762e-05;0,0001608714813171121;3,871188393337174e-05;7,521770990186788e-06;4,9641014092977846e-06
1979;0,003929996351611668;0,010152394783550076;0,0023313763189694975;0,0020765735046422507;0,002220496233868679;0,000597663873642367;0,0002478225204478284;0,0002930860871077;0,0004377634208399936;5,643261553294516e-05;5,945336982092288e-05;0,00016290560357187393;3,7564327369312067e-05;8,468442861239314e-06;5,233828304085364e-06
1980;0,003961360978012506;0,010153725348313205;0,0023411630276573953;0,0020832003428949974;0,0022704681604019633;0,0006162729148075284;0,00025724016593033284;0,0003046863249827376;0,0004457084417351455;5,533654773768961e-05;6,0880129077694225e-05;0,00016378288916842263;3,66844635176936e-05;9,202082702180242e-06;4,925752098269445e-06
1981;0,00398995668677214;0,009960207639129035;0,002375613335711283;0,0021018796230366987;0,0022256865642183194;0,0006050638213699651;0,0002676540719091593;0,0003094424398243843;0,000473870925686372;5,7256805316033675e-05;5,8294877395123225e-05;0,00015880031177013216;3,671217509041266e-05;1,0864730727787122e-05;5,406861599713661e-06
1982;0,00391546990223495;0,009976538006282811;0,002384915699492142;0,0020999319011545075;0,0021785297316715252;0,0006115295491326833;0,00027562747553539727;0,00031884422761712424;0,0004897020452127825;5,875659293711319e-05;5,997325566957963e-05;0,00015526399498152647;3,800902277362184e-05;1,1248313366455217e-05;6,053637895726232e-06
1983;0,003956025414351773;0,009851066715782508;0,002444726773579272;0,002129307462642568;0,0021521909729926847;0,0006304510666918109;0,000287291449499857;0,0003292337786271154;0,0005184004229314658;6,164274688152156e-05;6,089280759624671e-05;0,0001553107966044211;3,8492474020910906e-05;1,1204027064845182e-05;5,919554015219676e-06
1984;0,003982458708508473;0,00972264408898939;0,0024454998180902165;0,002144737326099338;0,002152658453269396;0,0006422023294102733;0,0002962367781427539;0,0003374456712533304;0,0005407294858222096;6,425021865652525e-05;6,227540195270973e-05;0,00015350988503217065;3,760717350230282e-05;1,2570911625938868e-05;6,092174384012391e-06
1985;0,004028682555404625;0,009452631015197508;0,002419367826535433;0,002163207214575128;0,0020989753465983085;0,0006555504504441549;0,000288667537721007;0,0003501042361416954;0,0005600946094221269;6,486918258425638e-05;6,291402720697599e-05;0,00015490870087627888;3,711258784733218e-05;1,27412314603654e-05;6,378850615971845e-06
1986;0,004036734649811738;0,009236150487725223;0,0023843661308222052;0,0021699335775338113;0,0020306803240341003;0,000652787970726162;0,000292836866070242;0,0003564824087983912;0,000573308177211272;6,832544759812922e-05;6,163817261040094e-05;0,0001495463704616538;3,649755545406411e-05;1,474888203948207e-05;6,593097014371909e-06
1987;0,004073833666292818;0,009003345933576514;0,002362574533825474;0,0022145183590639916;0,001972419964399056;0,0006570229483518883;0,0003013336676563735;0,00037101788491002353;0,0005979351564227338;7,493272521839702e-05;6,232614363658026e-05;0,00014757883946003858;3,620279025134161e-05;1,6229728925866637e-05;7,10105579417229e-06
1988;0,004089110734639689;0,008713460036753011;0,002318609222129453;0,0022202647025031702;0,0019818231001928715;0,0006565982857864583;0,0002977833446493605;0,000388092072561059;0,000591081321285206;7,891276579487436e-05;6,240545319867254e-05;0,0001509378973553664;3,635136920365767e-05;1,6864478677039836e-05;7,288020193690109e-06
1989;0,004063377543518852;0,008176302487429763;0,002287517418153584;0,002217988133322381;0,0019898920072591864;0,0006475648920708668;0,00030283975515236046;0,00039225231570786236;0,0006019962581506531;8,171203132535863e-05;6,303844689422735e-05;0,0001520781860823003;3,4083210006688856e-05;2,0009295147766742e-05;7,062910814933535e-06
1990;0,004072536570934712;0,007854768565656351;0,0022608088589290026;0,0022150936274556443;0,001990180966718721;0,000647425680913979;0,00031091263151340954;0,00040568238221437374;0,0006272761116373918;8,763927001252471e-05;6,344005133282085e-05;0,00015099348047442618;3,455177924089574e-05;2,26881720014457e-05;8,034327387511958e-06
1991;0,004129749400557817;0,007561774691566825;0,0022563385105708483;0,0022365261299585526;0,0019677854392544498;0,0006288475885542409;0,0003346157914815454;0,0004157315061092959;0,0006262730948947137;9,312089608621526e-05;6,291878662523231e-05;0,0001521565780292024;3,546335928409202e-05;2,579780483204429e-05;8,831744884625031e-06
1992;0,004131253860707927;0,007234647013579629;0,0022560740035260096;0,002256459759207376;0,0019669716233953033;0,0006325679610849225;0,00035520825869233316;0,00043416125988317484;0,0006522571311506908;9,968167741395258e-05;6,618860197704635e-05;0,00015105316768832772;3,6483771737039206e-05;2,868974056419964e-05;9,860610613746498e-06
1993;0,004241076853109657;0,007074774995479467;0,002259568282170221;0,002280489024997223;0,001950992425138663;0,0006296685699323591;0,00037048233220307987;0,00046576157858778193;0,0006880463843117468;0,00010719759789675924;7,400392243133476e-05;0,00015398680131641283;3,84386449273474e-05;2,9823530870284488e-05;1,1058898102029552e-05
1994;0,004225430114144858;0,006784559393833791;0,0022601449277967083;0,002294962853609052;0,0019799404201746385;0,000625221699530292;0,00038764437379411125;0,00047272441666531705;0,0007057685836896001;0,00011349900108013702;8,129620385131733e-05;0,0001558467683285666;4,0040294330927804e-05;3,1613916665459586e-05;1,1850875125674065e-05
1995;0,004282285746220233;0,006637115750761171;0,002263302693401264;0,0023254195704274544;0,0020015533144552527;0,0006537611755317942;0,0004045267002896123;0,00048246446827501387;0,0007346916260887935;0,00011765943099817378;8,398519964560234e-05;0,0001544660741663912;4,1119565301934404e-05;3,339903896306039e-05;1,2424712179738761e-05
1996;0,004406679831195756;0,00661615319716345;0,0022713925188457195;0,0023926797439344227;0,002043842531358158;0,0006561962631427118;0,00042318979792201256;0,0004983994975711019;0,000771074473959743;0,00012698657201326569;8,69140454337217e-05;0,00015632296676163345;4,271159842314124e-05;3,335596139614998e-05;1,5186825866716651e-05
1997;0,004425774802387293;0,006446172275380897;0,0022580133320713814;0,0023955682211505647;0,0020617818985816222;0,0006659200347972469;0,0004332093924728854;0,0005023384931389176;0,0007829142824838137;0,00013070527821972583;9,030083966925824e-05;0,00015580573387653982;4,374571623040018e-05;3,4083924609668816e-05;1,594711918073699e-05
1998;0,004485102493033212;0,006368282837294308;0,002266922196473128;0,0024491332234382363;0,002116374188127728;0,0006745750332421656;0,0004411925861599489;0,0005123842194214896;0,0008249142475896015;0,00014140706525722635;9,692578828435217e-05;0,00015568186232225604;4,496853632320251e-05;3,5340366772678476e-05;1,7241689168453638e-05
1999;0,004582562957823809;0,006285849147908655;0,002243746556424802;0,0025009922215498853;0,0021311602852490197;0,0006851768245854016;0,0004584246848285797;0,0005147537779391444;0,0008593920418726547;0,00015367656780134503;9,697194595251597e-05;0,00015840388739109455;4,679306714803845e-05;3,7645181854324096e-05;1,804951840053296e-05
2000;0,004596043436322361;0,006158809836571371;0,002258804878303116;0,0025485373043920845;0,0021547070251212324;0,0007115846528904513;0,000467203127690092;0,0005092794968472195;0,0008767701988939994;0,0001598721106737295;9,580252903366012e-05;0,0001602966725451032;4,762344190112344e-05;3,995024785906155e-05;1,924711300814254e-05
2001;0,0046927899737576285;0,006029117763059081;0,002273627874923737;0,002595666046545375;0,0021555129153836916;0,000730608995322005;0,00046926884351705667;0,0005259329100226751;0,0009232962059156438;0,00016475949808279568;9,104638008596209e-05;0,00016123724760421152;4,886779834123445e-05;4,22854997493362e-05;2,0270952307198187e-05
2002;0,0047841649835130996;0,005957028978238148;0,002294812085373061;0,002616121258012884;0,002133510757370719;0,0007234396889543859;0,0004831488175633629;0,0005344044309042927;0,0009454524972950043;0,00017283812699783345;9,173880113978936e-05;0,00016413205230492167;5,173582735551463e-05;4,405636916869428e-05;2,14505693715442e-05
2003;0,004841271584155038;0,005877388580951707;0,002302707850633721;0,0026332805126522934;0,0020671406413644683;0,0007279906250395081;0,0005094656249379373;0,0005515768277421428;0,0009745468300284951;0,0001803034154233631;9,042285244374528e-05;0,00016546859861981439;5,398163247199201e-05;4,6781852347521635e-05;2,0920016855338224e-05
2004;0,0049515956821518815;0,0057280973643563425;0,0023037728169583715;0,0026902279257358585;0,002016996248650165;0,0007395996622757853;0,000525962819405582;0,0005670353207928461;0,0010018079332699667;0,00019236303907226623;8,996153074544313e-05;0,00016885734014847133;5,7055842717090854e-05;4,950790355451318e-05;2,2695833479247085e-05
2005;0,005078736129300003;0,005625028851292362;0,002356571141198011;0,0027081168809672818;0,0019538210316178656;0,0007387887178213402;0,0005274008799460717;0,000580097600634742;0,0010096249752677977;0,0001987504284833059;8,951083064597956e-05;0,00017120727956613076;5,923036009595048e-05;5,1663207045749004e-05;2,5374741393794208e-05
2006;0,005133592700682735;0,00564136298635276;0,0023903175739784883;0,002718681692689036;0,0019366366056298527;0,0007309148107500125;0,0005311411920653579;0,0005900107529062855;0,0010142794053535908;0,00019974546982363486;9,06936482654904e-05;0,00017288514868596394;5,9998430401719816e-05;5,2060853761304315e-05;2,6539620516056555e-05
2007;0,00520970846991986;0,005594145186478272;0,002408879663562402;0,0027353379846317694;0,0018991223987541164;0,0007263518727995688;0,0005412098016677191;0,0005987373242533067;0,0010245687553833704;0,00020465343141040648;8,917390005080961e-05;0,000171493759353325;6,183917662383465e-05;5,265408901777847e-05;2,6798983867593048e-05
2008;0,005257640441413969;0,005570120993070304;0,002429002233839128;0,002721765577007318;0,0018605157947604312;0,0007143698326217418;0,000553820063942112;0,0005986269457025628;0,0010123612582901842;0,00021113726234034402;9,06326192762208e-05;0,00017269768761707383;6,333894049248556e-05;5,335639556847127e-05;2,8283847441912258e-05
