year;taladradora;limones;cazadora;azafrán;uvas;comino;medias;pala;laurel;mandarinas;sierra;zapatos;romero;piña;tornillos;guantes
mean_1800_2008;1,3737816993320605e-06;0,0001130706962096353;2,8120399502386134e-05;5,54232833276725e-05;0,00030925960042319883;4,1226249592168075e-05;0,001493223171793731;0,000317494377809392;0,00043459235489987514;1,3017912228338721e-05;0,0018444633594004497;0,0006056870342571294;0,0001036562738204717;8,283313807724918e-05;0,00016019423016064852;0,0002192622107255076
mean_1900-2008;2,6320972430816616e-06;9,930330489778251e-05;3,744782113836906e-05;6,81735582912151e-05;0,000292620578200488;4,978785757430657e-05;0,00171205012589;0,00029534782074968236;0,00038072056729955534;2,405859239238489e-05;0,0018613027872864925;0,0007657075707883319;8,487954546300903e-05;0,00011765684909360254;0,0001601733009273225;0,00024391218776049887
1800;0,0;0,000265075669858561;9,790280142141228e-06;1,711219486111304e-05;0,0009084394491765124;2,672294741046244e-05;0,0013717227147935773;0,0008600135686265276;0,0004901729482753581;0,0;0,0007596119303343585;0,00065339744423909;0,0003403341821694994;3,966334354288392e-05;0,00024090968544498992;0,0002202026394115819
1801;0,0;0,00024273746930703058;1,0899917342044319e-05;2,90282225989813e-05;0,0008187823550542815;3,058143761336396e-05;0,0013775608204014134;0,000861846815496392;0,00047803376673982706;0,0;0,0007130136782507179;0,0006014554128341842;0,0003837268673123618;3,377580370056421e-05;0,00021011134350601426;0,00023240315385919533
1802;0,0;0,00022583201560640495;9,083264451703599e-06;3,0613128979932e-05;0,0007122923648239521;4,5823851261654155e-05;0,0014910595837136498;0,0008054506565713382;0,00045242124618501595;0,0;0,0007108615363904391;0,0006055856753543292;0,00034278793539973173;2,814650308380351e-05;0,00018205097494690864;0,00022953072781698816
1803;0,0;0,0002474329984839382;9,468864600340307e-06;4,3071917994146656e-05;0,0007047960382676267;4,0960796151726496e-05;0,0017880635303819353;0,0007551898404147193;0,0004626924529865002;0,0;0,0008399095674706456;0,0005619952746980873;0,00031233353346189166;2,749199278387745e-05;0,00016277653023572775;0,00027753467618042905
1804;0,0;0,00029376715896692725;1,3601612940712065e-05;5,443762550580036e-05;0,0006008148602631991;3,862524908169819e-05;0,0018337790217109223;0,0006852221336625267;0,0004558965494132801;0,0;0,0007812867871897261;0,0005227122723486641;0,0003550577080854315;2,9809358892407545e-05;0,00016483900862697607;0,00027916028102481505
1805;0,0;0,00033532021299314304;9,63725465144957e-06;5,5598338986685895e-05;0,0007342597427850706;3,4660890792435695e-05;0,0019000971535985756;0,000552432269224872;0,00043998417952804763;0,0;0,0008020172572287265;0,000508496136067801;0,0003923071549901838;1,8755519854656605e-05;0,00010780167575116399;0,00027532030669265496
1806;0,0;0,0003495841529651703;8,52473464517191e-06;5,5218031137980824e-05;0,0006796894565143573;3,3724322991344836e-05;0,0017941008601545555;0,0005035437295321442;0,0004196124466813801;0,0;0,000993784202104767;0,00046649260444350403;0,00037656145650544204;2,0043992066121064e-05;0,00017716928815454075;0,0002626454715937143
1807;0,0;0,0003208496228320915;8,52473464517191e-06;5,614295151953488e-05;0,0006344135304711276;3,8853678217622344e-05;0,0018114092979106189;0,0005007323222473912;0,00038628293168585515;0,0;0,0014713852514043019;0,0004988239067772936;0,00031430565091536015;2,1407402580767405e-05;0,00016936105201434008;0,00024811606311102096
1808;0,0;0,00030343834071443;6,3335251963638124e-06;4,5186903869469984e-05;0,0005709276544101678;3,4530456462432214e-05;0,0018295682691262171;0,00043507435358541055;0,00035643476102060437;0,0;0,0015401797489695518;0,0004965926239362618;0,00023694211352319271;1,994659624772664e-05;0,00017944826424809435;0,0002124447032006823
1809;0,0;0,00031795635615188597;1,3274407097339592e-05;4,488718516881818e-05;0,0005591176448303616;1,8831974151518288e-05;0,0018096540510928855;0,00041234955980533935;0,0004280928091507771;0,0;0,0015841886384545694;0,0005181843075011525;0,00022589060465959065;1,994659624772664e-05;0,00019083630645257344;0,00020773463964880127
1810;0,0;0,00027372472979030657;1,1591197741316656e-05;2,8743025788051977e-05;0,0004772407269878645;2,0588433561182944e-05;0,0014537387609639804;0,0004589912675458306;0,00044193345404762246;0,0;0,0014712256285877498;0,0005186022950251104;0,00021219083805590344;1,7956045082558247e-05;0,00019579834307543412;0,0001379475276865248
1811;0,0;0,0002219731413788395;6,940881900975779e-06;2,0939852366349703e-05;0,00030062668331863406;2,3609673860391922e-05;0,0013736099650226866;0,0004464646411049346;0,0004659980861885872;0,0;0,001478724594302808;0,0005265092730561653;0,0001566956021698778;1,0980571525059141e-05;0,0001922974445075657;0,00010883040683243701
1812;0,0;0,00020782367430781178;1,1498474756470906e-05;2,8894324596454423e-05;0,00011028710754804445;3,272485957138217e-05;0,0013798960286034603;0,0004258120822799226;0,0005003776810294117;0,0;0,0019359197462368422;0,000547762540138917;0,00014942515349503083;1,661361669188669e-05;0,00016363809101400357;0,00010063759085759166
1813;0,0;0,00022635370636895198;1,4484857453161177e-05;5,132132605873656e-05;0,00011494146292534424;4,171313808650926e-05;0,001668103556897092;0,00045904098767225927;0,0005516414083623593;0,0;0,002048214433411236;0,000571034326770002;0,0001365107769808154;2,1122321161978368e-05;0,0001393316632101817;0,00013518490626600915
1814;0,0;0,00022828323510891223;1,4484857453161177e-05;5,2776994254242845e-05;0,00013001461606368788;3,830237460533681e-05;0,0015983729619100423;0,0005524423776088432;0,0005805689754976941;0,0;0,0016159543000477633;0,0005317977606214949;0,00014793623920793055;2,3796727686788343e-05;0,00014906452656353913;0,0001383416949758092
1815;0,0;0,0002457277787470957;1,4484857453161177e-05;8,715805078298087e-05;0,0003172257801712216;3,751499174800951e-05;0,0017626642407516818;0,000627798470174769;0,0006595215706641154;0,0;0,0015355698126638473;0,0005267992979237793;0,00018445596115920386;2,74542870215555e-05;0,0001455797683799379;0,00014920263059333853
1816;0,0;0,00021582748510289615;1,0746718308902408e-05;8,595581775239225e-05;0,0004034297246237527;3,658045696194482e-05;0,0016750591644917484;0,0006117727122857884;0,0006464164016506402;0,0;0,001489230174099378;0,00047499592840592546;0,00019419562948184776;3,0657029778272514e-05;0,0001354337353883953;0,00015039763679526783
1817;0,0;0,0002192361226402032;1,0746718308902408e-05;9,444397660120427e-05;0,0006006481953590992;3,4106692682809937e-05;0,001704966806365909;0,0005404124781957112;0,0006035534072777539;0,0;0,0014870190885371162;0,0004871956109907062;0,00020193685129145578;3,07300189612241e-05;0,00013001724050403545;0,00014615202782611699
1818;0,0;0,0002072590206125824;1,2884576554889854e-05;9,326688054248475e-05;0,0006091391745550416;2,76377608798839e-05;0,0016885501151721527;0,0005370596552113836;0,0006033217849627752;0,0;0,001503829876777932;0,00046823387427658806;0,00020829506865993608;3,286787720721155e-05;0,00014041225711025618;0,0001629329395720041
1819;0,0;0,0001627898301746557;1,0374683613788096e-05;9,234249448906797e-05;0,0006242005058863599;2,2617974997680384e-05;0,001602639479512748;0,0005199048376068406;0,0005532897018513593;0,0;0,0012960120004988443;0,00042074483579719005;0,0001710425603310536;2,8360016252853324e-05;0,00014913155886071245;0,00015551930232504674
1820;0,0;8,924117642956324e-05;7,388300917097825e-06;6,813885359438896e-05;0,0006466659247702669;1,657550820409272e-05;0,0013294824644357764;0,0005025398422731087;0,0004918935246678302;0,0;0,0009310100917251215;0,000364244283446169;0,0001437131361724044;2,3255285189601898e-05;6,520026728042337e-05;0,00010617428561740132
1821;0,0;7,081932226680822e-05;7,388300917097825e-06;6,035256307411276e-05;0,0006489026873168768;2,0523554056239846e-05;0,0013649435329300883;0,00041441784170664117;0,0005120808054925874;0,0;0,0008769452571349185;0,00036270554509038836;0,00012725354037814083;2,3302343419930238e-05;6,724095576211247e-05;0,00010137059770646113
1822;0,0;5,169397476428068e-05;1,0208310235222079e-05;3,067152180489886e-05;0,0005017412539538262;2,3760545581857123e-05;0,0011666034229814873;0,0003435313828958897;0,0004937428197341173;0,0;0,0009091840378719748;0,00038325447673871944;9,224342412445756e-05;2,1524790229575175e-05;6,138169124726898e-05;0,00010480890994456007
1823;0,0;8,535062444739847e-05;1,2202967931378745e-05;4,901691507289538e-05;0,00043283994922863457;2,451907994733509e-05;0,001185340975748009;0,0003599942699241053;0,000485004894861569;0,0;0,0009793764093046775;0,0003754579990657346;8,734089444065571e-05;2,559840786326666e-05;7,912304117293647e-05;9,681597816779686e-05
1824;0,0;9,177589025252278e-05;1,2202967931378745e-05;4,4846102298379265e-05;0,0002465966433971646;2,5777744281997782e-05;0,0012527124454209115;0,00037107431580807315;0,00047471753207771277;0,0;0,0010463654754338286;0,00035829230325491935;9,591753991701677e-05;2,6374119954652997e-05;8,007451067929392e-05;0,0001145249037952973
1825;0,0;9,138702401807157e-05;1,00651096853913e-05;4,9960532066961605e-05;0,00025298320289428896;3,087282140411064e-05;0,001318770643722798;0,0003672542918918355;0,0004798659282252109;0,0;0,0011171269696725566;0,00036942085444024997;9,270399873782611e-05;2,4236261708665552e-05;8,057949299557419e-05;0,00010419162046153879
1826;0,0;9,207932245252388e-05;1,4160309547150973e-05;4,357646758990086e-05;0,0002759878287049235;3,255897423416952e-05;0,0013498714776817775;0,00035282880617160117;0,0005749585950200396;0,0;0,0009683005828264868;0,0003832706202696759;8,740357567863352e-05;2,396510154767384e-05;7,79292814659779e-05;0,0001165672074421309
1827;0,0;0,00012755494286206419;1,4594588090436184e-05;4,5435804655166324e-05;0,0002849750785571814;3,3604366933559504e-05;0,0013321727757491836;0,0003280515589462344;0,0006316618704918905;0,0;0,0012299183578891512;0,0003972663794879086;0,00012435886763536734;2,3340990042340438e-05;8,326284687752507e-05;0,0001328123484459606
1828;0,0;0,00015802924216196907;1,8827376432487392e-05;4,7854540850624154e-05;0,0002783028142922766;2,8550514384408287e-05;0,0013220058203192561;0,0003991108412394949;0,0005976335939651887;0,0;0,0013170758718063422;0,0004702078870520511;0,000134730387100847;2,1687002466868372e-05;8,237360792203876e-05;0,000151569412309982
1829;0,0;0,0001726825262591904;2,2802536595431127e-05;4,655211033163401e-05;0,0002991006778886783;2,6277345455127943e-05;0,0012557099450662332;0,00037544554223651564;0,0006724803175269958;0,0;0,001654144944041036;0,00044287478431215277;0,00014213386764692717;2,757290441682666e-05;7,406725736862947e-05;0,00014344747520616302
1830;0,0;0,00020421951489879575;5,1036897831733904e-05;5,3978452894755583e-05;0,00032119814445000623;2,837472448748356e-05;0,0012865244441075316;0,00036892046994450666;0,0007027422660550135;5,223712763933821e-07;0,001883793460625124;0,00045358270394249957;0,00014899310696949084;2,7087370670285183e-05;6,896984489555637e-05;0,0001513803998217814
1831;0,0;0,00020408573959684873;5,35804767918892e-05;5,456904708418213e-05;0,000317680089015734;2,818501891559728e-05;0,0012701748736227664;0,000362522379353842;0,0007022505574890861;5,223712763933821e-07;0,0020015211313355913;0,0004904988307836382;0,00014515604139627873;2,5880233473734347e-05;9,684138880012533e-05;0,00015641566132476977
1832;0,0;0,00021898449956227396;5,404544276237695e-05;5,6263295229135626e-05;0,0003021585663581001;2,3127336135075893e-05;0,0013203163949323685;0,00036578495772638623;0,0006752783162612884;5,223712763933821e-07;0,002175808575494947;0,0005758947736467235;0,00014673901124037262;2,6810165414709832e-05;0,00010292564525116177;0,0001621091395723592
1833;0,0;0,00022985227912743412;4,907155083547618e-05;5,640490659938482e-05;0,00028525831632058337;2,0852807226999304e-05;0,0012933776815771125;0,0003730734793602356;0,0005702445475565453;5,223712763933821e-07;0,002370229386932416;0,0006192721814711279;0,00015299424782304932;3,45537494743959e-05;0,00011092412981789885;0,00016557224853386288
1834;0,0;0,0001995172713772523;4,9577602315561565e-05;6,32384222447919e-05;0,00024410223318227509;1,6725340604547716e-05;0,0013086871669137118;0,0003731629314123503;0,0005175959456339894;5,223712763933821e-07;0,0022970240544444615;0,0006019759341922638;0,00011433617471214217;3,8928780351657876e-05;0,00012415688266693387;0,00016364113954685827
1835;0,0;0,00018068141035395717;4,720559587667594e-05;6,143994671755795e-05;0,00024238444455347363;1,9253113034015507e-05;0,0013408357387691336;0,00029021778768115576;0,0004948544041586242;5,223712763933821e-07;0,002330457066688853;0,0005369404691789116;9,627353644451171e-05;4,0278338125127835e-05;0,0001200954374423548;0,00016804807338693145
1836;0,0;0,00017769984148279555;4,228032638918323e-05;7,487146191920147e-05;0,00021808686808201728;2,1033541689316087e-05;0,0014393319361261092;0,00031214210594043834;0,0004181100523835214;5,223712763933821e-07;0,0020929122261545024;0,000559692369149291;0,00010006924355820956;4,09269800018462e-05;0,00013814802010918875;0,0001933655247350024
1837;0,0;0,00015227276678940273;9,529033054686156e-06;6,380917716748107e-05;0,000205633098663124;2,8264436277173187e-05;0,0014403633550890455;0,00030359919297292696;0,00036450631211794516;0,0;0,0018376055647552547;0,000565236785275504;0,0001368561084648588;3,753849508062298e-05;0,00012646353216691101;0,00019546235827354915
1838;0,0;0,00014294559654055256;6,985454094530854e-06;6,634157827534182e-05;0,000253320389122434;3,310734411700521e-05;0,0013779061711310142;0,00029415893355430204;0,00039255536583888376;3,1262596321214785e-07;0,0018763497791951522;0,000534964984970949;0,00013644157214847446;3,9647323189586e-05;0,00011981110138289556;0,00019127954341716498
1839;0,0;0,00013631189322690522;8,138197417549367e-06;6,285278258490377e-05;0,0002591440509799473;3,884359683427517e-05;0,0013195884353730694;0,00029044924108997554;0,0004462275455807685;3,1262596321214785e-07;0,001687145673453675;0,0004861524043267959;0,00016633862652984784;4,0335100542116766e-05;0,00010760902934440049;0,00021120884282156894
1840;0,0;0,00012206448047891172;1,1230091041219176e-05;6,240828359490738e-05;0,0002445461071991823;3,88455506237863e-05;0,0013527629562304355;0,0002786945028024742;0,00044722809694316566;3,1262596321214785e-07;0,0015138150047278032;0,00042096595994475393;0,00015568438820017555;3,652651352175391e-05;9,828828849224789e-05;0,0002060471615550341
1841;0,0;0,00011966255937880175;1,0736232322220271e-05;5,677629530964623e-05;0,00025886316572203735;3,981956646319824e-05;0,00135464422003549;0,000285461520174327;0,0004878621309347052;7,590972675838463e-07;0,001602903206990699;0,00043842717007334746;0,00015667838876457348;3,37629032287623e-05;9,193549642207342e-05;0,00021641334829577578
1842;0,0;0,0001073247911368266;1,0112751169799594e-05;5,8984150643124985e-05;0,0002668331587431437;3,777558613852047e-05;0,0013059674009647487;0,0002864961126241334;0,0005307271911598426;7,590972675838463e-07;0,0017002826358033679;0,0004305852501472275;0,00016789442237755532;3,153894486526302e-05;9,8722936822274e-05;0,00021191390422765314
1843;0,0;0,00010225863929593158;8,452308351637936e-06;4,592527978226306e-05;0,0002481406227161642;3,733854023429168e-05;0,0012713352979127584;0,0002679861479139488;0,0005161185559440387;3,272583321794238e-06;0,0017511997352162973;0,00040645037578152757;0,00016298916664579468;2,7313538453199726e-05;8,649897722534661e-05;0,00019414110283832997
1844;0,0;6,779885219592481e-05;1,0783594753657358e-05;3,1299781560229735e-05;0,0003071306829432225;3,355018297465254e-05;0,0011871461798104324;0,0002699283251266544;0,0005205384403390261;3,4877086615584374e-06;0,0018910111716000494;0,0003867167281766472;0,00012347010007423314;2,627757546796212e-05;9,446775704548469e-05;0,0001866086222435115
1845;0,0;6,551718822070793e-05;1,0783594753657358e-05;2,638915920069199e-05;0,0002591239016120588;3,031908489349787e-05;0,0011730996837806223;0,00028372442427228507;0,0005060818076734515;3,175082698346289e-06;0,0018492212413028547;0,0004028339909772123;0,00011516870586092409;2,551092787176198e-05;0,00010463062949384039;0,00018488203912576346
1846;0,0;6,20292890321902e-05;1,0170710128067282e-05;2,768730128975351e-05;0,00027035726881357344;2,71323401079826e-05;0,0011989850593506293;0,00029123180930972533;0,00048093786517711123;3,67749503230438e-06;0,0018424076967806157;0,00038210912732340925;8,620781061706242e-05;2,590286791408809e-05;0,00012381964609176066;0,00016680322037895427
1847;0,0;6,365530517931412e-05;8,638882307922455e-06;3,8009439557689415e-05;0,00027788045144916396;2,9263448197980324e-05;0,0011953406751022807;0,00029159962845629446;0,0004905133404723269;4,041371529491958e-06;0,002040921000505997;0,00037949092919526653;8,598265545905244e-05;5,638455442229835e-05;0,0001335641806170835;0,00016343046809197403
1848;0,0;7,00264211315828e-05;8,726262163654447e-06;3,572541658058981e-05;0,00028503541216196027;2,938335086355437e-05;0,0011839732386371388;0,00029881006347360587;0,0004866512231923739;3,5949002251202596e-06;0,0020460445739445277;0,00037692870072143184;9,025408108495217e-05;5,7484779298582514e-05;0,00013013526378407341;0,0001630987526368699
1849;0,0;6,910601249338859e-05;9,83234962654527e-06;3,469990689706849e-05;0,00027060470496767915;3,0330197984897366e-05;0,0011804161918657233;0,0002865444002964068;0,0004623874117117209;3,5949002251202596e-06;0,002004225513831313;0,0003822674313726436;8,368795160354889e-05;5,719082228746888e-05;0,00013905753430013386;0,00016470582490260961
1850;0,0;6,818926700751555e-05;1,0453021965466697e-05;3,2589936844423005e-05;0,00027270278094095247;2,988048696092197e-05;0,0011806132663748161;0,00028262369206848755;0,0004334681599565167;1,0814141709098685e-06;0,00195402196498305;0,00038189209590200335;9,023659767340828e-05;5,839752077463345e-05;0,00015307157111367684;0,00017574511730344966
1851;0,0;6,605164181954544e-05;1,4307134473970757e-05;2,9609953600129302e-05;0,0002134153874067124;2,6989462753590487e-05;0,0012595482855561255;0,0002689473896160572;0,0004392930122776306;8,66288831145669e-07;0,0019373252013922737;0,00037644322544240694;8,63280539371252e-05;5,7802978809767016e-05;0,00015642737594134815;0,00018015204951942515
1852;0,0;6,980913472684083e-05;1,9525252322897097e-05;2,8688272684413664e-05;0,0002972136956356865;2,9604531245500508e-05;0,0012915909272643539;0,0002571862816174481;0,00047012331703756766;8,66288831145669e-07;0,0019268076487475938;0,0003743769184438861;9,590669703486907e-05;6,08702094950786e-05;0,00015538599151503668;0,0001899518857888844
1853;0,0;6,29689416038153e-05;1,9553907496369254e-05;2,2027648429099956e-05;0,00029702491052116135;2,8484770301214925e-05;0,0012754469415605335;0,0002477821453794604;0,0004495791959665699;3,638764971875779e-07;0,0020660250161849297;0,00035625188762164077;9,126973330759418e-05;6,213324630672494e-05;0,00016281999007462997;0,0001901375120334186
1854;0,0;6,51966156997982e-05;1,8526399462156667e-05;1,2754011078998572e-05;0,0002892183504497682;2,5907502682847348e-05;0,0012156142604778455;0,0002528839201789067;0,0004790720562855963;3,4031312371293356e-07;0,0018783555398320978;0,0003642841680370371;9,671203104387262e-05;3,59719836394236e-05;0,00016518633287887496;0,00020286369947695803
1855;0,0;6,256687267328484e-05;2,1722577311525777e-05;1,9782535787271627e-05;0,000277601597125405;2,6739903903814722e-05;0,0011965035550279676;0,00023709174651490424;0,0004786393446920556;3,4031312371293356e-07;0,0017200988233006293;0,0003482304496823677;9,796505651138432e-05;3,8813735159237694e-05;0,00020388103588889602;0,00019600958661872677
1856;0,0;7,33072336548243e-05;2,1139070075345705e-05;2,308358456762757e-05;0,0002779731062219071;2,701497448599964e-05;0,0012532691861062112;0,0002505691814544012;0,0005080265087339544;3,4031312371293356e-07;0,0022499772447710192;0,00037681112579386015;9,883726599062875e-05;3,9973018926632774e-05;0,00019859529142455097;0,00019182330756198747
1857;0,0;7,271164374092873e-05;2,2326040241945782e-05;2,5147201654363016e-05;0,00028664428230383365;2,6797686660172205e-05;0,0012794900352933577;0,00024155163568398815;0,0005943051356942826;3,4031312371293356e-07;0,002295600786185657;0,000385993994963688;8,688952115270305e-05;4,233525195169412e-05;0,00018972541348765453;0,00019467967311876625
1858;0,0;7,360693733257253e-05;1,754689285300109e-05;2,7952403566392346e-05;0,0002887608518774089;3,0545194208895866e-05;0,0012060611879860517;0,0002506821406963614;0,0005879372435759121;4,707331159790686e-07;0,002419311061073261;0,0003901602700092813;8,424348599029534e-05;5,008407474146484e-05;0,0001810600679164054;0,00018862975983730785
1859;0,0;7,459809572602743e-05;1,2985144388315867e-05;2,841318301908099e-05;0,00027365815965042984;2,9009312234913e-05;0,0011856264531421143;0,0002558531507799801;0,0005796948374024526;4,707331159790686e-07;0,0023552412130811717;0,0003775621248028723;7,422341557880177e-05;4,793907878917838e-05;0,00016935057211802423;0,00019763526454750845
1860;0,0;7,99564109651588e-05;1,640904976341062e-05;2,8926221976429846e-05;0,00027509970550454454;3,197720133130133e-05;0,0012101182359661575;0,00025498602229033295;0,0006169256591549908;4,707331159790686e-07;0,0022516545089144658;0,00039928436308400705;8,561540758884283e-05;4,858348887637476e-05;0,00016151418386860833;0,00023383480213721796
1861;0,0;7,812225654950973e-05;1,571184990366094e-05;2,9261424978293303e-05;0,00028974256370669797;3,192748059583599e-05;0,001243060393920002;0,0002599974972586746;0,0005936356241623539;1,30419992266135e-07;0,00229257124634127;0,00042258338908141013;8,305408292536802e-05;4,239473513832438e-05;0,0001951132016334408;0,00022515861571394325
1862;0,0;7,384477141515942e-05;1,3701498145581225e-05;2,6924864471311594e-05;0,00031740741600775176;3,1192750985350616e-05;0,0012523085778021986;0,00026543891635810724;0,0005751239314122358;1,7354519852931716e-06;0,0023295598631583353;0,0004281845122022787;7,671618545503276e-05;3,8772868598308765e-05;0,00015917888731564744;0,0002181554171849192
1863;0,0;7,24941474215614e-05;1,3463298742522056e-05;2,3204556295500618e-05;0,0003301685637779883;3,569640106044452e-05;0,001201523991767317;0,000245022632887932;0,0005463469603585379;2,5654600983265093e-06;0,0020320085371037877;0,0004129029418566331;7,680785358843423e-05;4,3817578289560644e-05;0,00014898712216953363;0,00022479300209202587
1864;0,0;7,316655471965663e-05;1,664962045059123e-05;2,4163759348994063e-05;0,0003505451234429659;4,104873007853322e-05;0,0011668313423537516;0,00024905386096309357;0,00047646503194950383;2,5654600983265093e-06;0,0020940166125780835;0,0004293347079250712;8,633233099837006e-05;4,2043437531447125e-05;0,0001459090291129022;0,00022532603744756282
1865;0,0;8,051856233188508e-05;1,5798753340488603e-05;2,4113199158039477e-05;0,00034929885259771254;3,6491705454214495e-05;0,001146941044031077;0,00024543700517045054;0,00045786315630331434;2,589521701829816e-06;0,0019349968689701719;0,00042450886407355683;8,420656415962315e-05;3,6539299433765594e-05;0,0001579474452942772;0,00023057634085229699
1866;0,0;7,620837030637111e-05;1,777895874965907e-05;2,6127392313160923e-05;0,0002855652902716039;3,653679040585952e-05;0,001121947272102781;0,00023642643652367824;0,00045350021926943943;2,589521701829816e-06;0,001969490910726433;0,00043579145767580485;8,347510304572227e-05;3,702398763445152e-05;0,00015129582168680957;0,00021617279019535218
1867;0,0;7,099877044376106e-05;1,492005777338688e-05;3,291386596921646e-05;0,00025482929117970343;3,555622153531398e-05;0,0010682359321175941;0,00023612206112894843;0,0004163256302750337;2,589521701829816e-06;0,0019568229747944444;0,00041444717291077334;7,078205775152517e-05;3,8929940972463684e-05;0,00013719609666752928;0,00018026600270916658
1868;0,0;6,707614090828429e-05;1,8921965810087776e-05;3,074149645954094e-05;0,00023846866546201842;3,737060276470012e-05;0,0010417669597830223;0,00022488158687597855;0,0004364948316443977;2,589521701829816e-06;0,0018787655010653126;0,00037408358691339217;6,28913263816295e-05;4,164567956520061e-05;0,00012008529211016139;0,0001901016552048012
1869;0,0;0,00010997807383513906;2,090066431037485e-05;2,5530335128516004e-05;0,0002661254443734963;3,8700120796875126e-05;0,0010578166958501761;0,00023087836942587662;0,00046097270569589455;9,844897088027795e-07;0,0020205781506125015;0,0003984022149389992;5,5330652669129314e-05;5,379786419520574e-05;0,00011783841224704311;0,0002028834728662332
1870;0,0;0,00010508989711459954;2,245097892991258e-05;2,702698458684998e-05;0,00025842173840828764;3,528470305777124e-05;0,0010719906770516121;0,00024264173654436102;0,0004652911164677269;1,544815957694417e-07;0,0018009966100050534;0,0003845534625465266;5,928755147773959e-05;4,817743542519435e-05;0,00012019133188394853;0,00019170348325912655
1871;0,0;0,00010561192189990315;2,2605010384170653e-05;2,520121356042182e-05;0,00023359813781098637;3,272234181395106e-05;0,0010493581612536218;0,00023935697949387498;0,0004672033940421118;1,544815957694417e-07;0,001740653845315267;0,0003624011242209235;5,6358879468072185e-05;4,6479463224256635e-05;0,00012280098157394344;0,0001897680785337538
1872;0,0;9,806558044341988e-05;2,3313380584763115e-05;2,2535618679090214e-05;0,0002228559724569225;3,5904193396163464e-05;0,001059895112121012;0,000237763707186137;0,0004794094495861957;0,0;0,0017430401775137788;0,00037003951872195885;6,011117363868834e-05;5,801672549361163e-05;0,00011519237789668426;0,0001921008837208709
1873;0,0;0,00010154883146437247;2,3513183577961172e-05;2,03024857877868e-05;0,0002349478376930035;3,2924645308542366e-05;0,0010653845362997214;0,00024260728293614065;0,000552667441817383;5,971321469035371e-07;0,0018377477577554862;0,00036349005573096553;6,389988251547558e-05;6,559570156891173e-05;0,00012972101330888108;0,0001926160312645412
1874;0,0;0,00010329461872515822;2,3716599376452257e-05;1,3126583451951645e-05;0,00025906916952018425;3,534926236170577e-05;0,0010643186864659324;0,0002506627197362832;0,0005632794779687954;5,971321469035371e-07;0,001968164113869924;0,00037730048266634446;7,019120817273818e-05;6,517835231534264e-05;0,00017391030512823948;0,00021183877509299364
1875;0,0;0,0001119381794621534;2,1111428135814742e-05;1,4362297256249284e-05;0,00029207930408249794;3,65245402430706e-05;0,0010549838017530938;0,000252551610304051;0,0005453908215713454;1,0473388759432315e-06;0,002110632392162058;0,000406355294606848;7,215199348463232e-05;6,236267608983326e-05;0,00017296075692943953;0,00020361904781956194
1876;0,0;7,022024785133649e-05;1,956869368768821e-05;1,6619425074233212e-05;0,00025547308756098834;3,456987838847324e-05;0,0010102506426587102;0,0002516473581895947;0,0005040044178323504;1,509261997918137e-06;0,002089072924198782;0,0003765214582277362;7,841046161567127e-05;5,208492471605755e-05;0,00021190780411676054;0,00020523785094285685
1877;0,0;6,321933077353086e-05;2,150220755733504e-05;1,6978288337148634e-05;0,0002587734034672654;3,54090569690665e-05;0,0009801195249435426;0,000247581767455683;0,000493502290867452;1,509261997918137e-06;0,0022338963909922832;0,00036614078453567345;7,0743987683792e-05;5,5945194584897505e-05;0,000223405181389223;0,00020424848636529144
1878;0,0;6,194758108384641e-05;2,03425689245965e-05;1,5240397337785388e-05;0,00026214778634831807;3,55327259171645e-05;0,0009855165574533334;0,0002661587132024579;0,0004963631909049582;1,9290434392717415e-06;0,0023400274325727616;0,00037048453772773167;6,7888965255796e-05;5,641675540703415e-05;0,00023715199729070136;0,000215370638605756
1879;0,0;6,457686530276468e-05;1,9972252321817257e-05;1,5760941250521553e-05;0,00026325317646426683;3,210009193058535e-05;0,0009588881506975408;0,00028633937745325966;0,0004920330411550822;2,215208232720605e-06;0,00238433936569241;0,00038751494295346286;6,419092975258016e-05;5,3168058197375755e-05;0,00023563323533640608;0,0002334892185120095
1880;0,0;6,0850250552643305e-05;1,9379155600875363e-05;1,7973607262839713e-05;0,0002508270914144565;3,4531342204705394e-05;0,0009395594783459923;0,0002817548095533441;0,00042284952022393033;1,6180760858170677e-06;0,002413062611594796;0,0003910733117403911;6,143999493295789e-05;5,4754402104403456e-05;0,00022063326403960152;0,0002325553201184708
1881;0,0;6,368790122581101e-05;2,13731510712023e-05;2,173729864044357e-05;0,0002448559371259762;3,1653242972749596e-05;0,0009356642684516764;0,0002699274805958599;0,00042923176936580736;1,985420843603996e-06;0,0023991647269992556;0,00037422709868094117;5,844468619540879e-05;5,4858872999830055e-05;0,0001884783955574676;0,0002235300761250463
1882;0,0;6,307627253525945e-05;2,207871148129925e-05;2,7129424345113353e-05;0,00025658226020043785;3,426441566034555e-05;0,0009670749282772054;0,00027012320060748607;0,00042918286453641485;2,1000619402197377e-06;0,002372686217963097;0,00035291668609716;6,633334359256488e-05;5,702869592434061e-05;0,00020045670713183687;0,000220355423152796
1883;0,0;5,83386378951088e-05;2,2106926727311865e-05;2,7392279276585085e-05;0,00023428937895784784;3,3743291031182056e-05;0,0009933491258250018;0,00026426844539985595;0,00043825531130486136;1,7746298525927225e-06;0,00233842152478506;0,00037277252756341895;6,681733525835756e-05;6,690910530388854e-05;0,0001775101899121572;0,00022368330649312284
1884;0,0;6,823164905459375e-05;1,832979715946489e-05;3,056829567883922e-05;0,0002284037334123111;3,36191003417038e-05;0,0010068880588473153;0,00026318592257926606;0,000458884980097147;1,7746298525927225e-06;0,002286744087801448;0,00038583407331316266;6,849967430103529e-05;7,059275130164419e-05;0,00018717784899178826;0,00024172264992167972
1885;0,0;7,571684323335961e-05;1,9974780737389404e-05;3,7109435473731924e-05;0,00022041236239342003;3,1367591800192584e-05;0,0009712107514912663;0,0002473105236536607;0,000465158927909215;1,614528307872628e-06;0,002236617027457604;0,000385989509205891;7,919051816835625e-05;8,855721895477992e-05;0,00018975395050802035;0,00023442185985394256
1886;0,0;7,849669348810753e-05;2,217933681793381e-05;3,9972401363489295e-05;0,00021589880004415008;3,0738753967593114e-05;0,0009794899207398494;0,0002358749660353559;0,00046400429839975137;1,3283635144237645e-06;0,0022914843741870883;0,0003712096811016506;7,761875297416867e-05;8,758751976399383e-05;0,00020624573997858012;0,00021726020804635482
1887;0,0;8,694136559889947e-05;2,4143461883698236e-05;4,316924600646287e-05;0,00022821472579640352;3,0256023819674738e-05;0,0009886726210035185;0,00023177938146545785;0,0004695624673851333;1,562108296683716e-06;0,0023488542865379713;0,0003775714925983006;8,238003975488286e-05;8,879722404994286e-05;0,00023086740189423187;0,00022111972027362626
1888;0,0;8,641570121069111e-05;2,2042845111107973e-05;4,2527458634010274e-05;0,00022805434615033197;3,0063913974182856e-05;0,0009587237270482416;0,00023084842268872308;0,00046817768374499537;1,3488797888174174e-06;0,0023741300278093797;0,0003922506331426641;8,124635785731828e-05;9,438342252516512e-05;0,0002552199329589452;0,00022576016363018425
1889;0,0;8,676228609212038e-05;2,1408322327585794e-05;4,455254765746629e-05;0,0001937417778208328;2,7044828446573123e-05;0,0009490439879300538;0,00022795458270203587;0,00047006478130892247;9,141446076301106e-07;0,0023407072668695556;0,0003936209363278717;7,48320271018851e-05;0,00011076222108385991;0,00024159398403103945;0,00022730554779367855
1890;0,0;9,538141106142057e-05;2,2238333079777866e-05;5,078404927059767e-05;0,0002080655820334089;2,948866365061674e-05;0,0009649595605359146;0,00023393240228740197;0,0004900763802392508;9,211710632379372e-07;0,002262481913411258;0,0003839275677819387;7,451898552192558e-05;0,00010093591608243254;0,00025903107468496146;0,00023796024574299475
1891;0,0;9,299773426261839e-05;2,345403302683735e-05;5,42892649946225e-05;0,00022977716623375145;3,0491537066674414e-05;0,0009903938916977495;0,00023983500341273611;0,00047051259701090336;1,2087099448316557e-06;0,0023522039035534753;0,0003695119858093676;7,70323806266658e-05;0,000100239174116723;0,00026224386796716966;0,0002331475668272885
1892;0,0;9,05002813007221e-05;2,0015671659783557e-05;5,651361293855319e-05;0,00024549997955805987;3,2336530304226994e-05;0,0009854526979324874;0,00023718575253691858;0,00045755353832126796;1,0826098493867318e-06;0,002489465337670741;0,000382394815850213;6,449131839352569e-05;8,967294564042407e-05;0,00026916748083749553;0,00023614606691678219
1893;0,0;9,269471011715982e-05;1,7838303177443648e-05;5,88717321241867e-05;0,0002593439960816925;3,515453528279977e-05;0,0009969255058552204;0,00023885598433740336;0,00043757781246053383;1,4828833399300429e-06;0,0024228576876339503;0,0003885475605004883;6,345326823975483e-05;8,567590563351197e-05;0,00027363015046181057;0,00022913612026189057
1894;0,0;8,760889370153433e-05;1,8815411095829404e-05;5,572008530764703e-05;0,0002414144481528118;3,958022866917028e-05;0,0010030370244099426;0,00025466450616867017;0,00040081754377752077;1,2491385576700914e-06;0,0022533523016526097;0,00040389488081668133;5,918997528299639e-05;7,814460169746391e-05;0,00026721015728981;0,00023437788578511184
1895;0,0;9,25928475226101e-05;1,8730595436571612e-05;5,4585934451876846e-05;0,00024932195563971097;4,1309382124511884e-05;0,0010292900567167504;0,0002625373619074318;0,0003783382940777561;1,631843333476419e-06;0,0021522559368999544;0,00038311245589284226;5,845766395395913e-05;7,295326318918731e-05;0,00026878700347359493;0,0002231529979975936
1896;0,0;9,046933168325008e-05;1,8187254775219636e-05;5,003982274891834e-05;0,0002423083710060122;4,2224237160683386e-05;0,001032739848077264;0,00027282356508554325;0,00035410639936474454;2,2250305090462267e-06;0,002072538895195716;0,00037557119217776095;5,984718914727896e-05;5,4249796172760914e-05;0,00028244860459381016;0,0002258998961224279
1897;0,0;8,44356788677812e-05;1,6658761633639836e-05;4,836622663008581e-05;0,00024149249579100536;4,29546121592596e-05;0,0010217704714575251;0,0002765455064945854;0,0003360550018831938;2,3785878663521283e-06;0,0020561513598035424;0,0003878647606013276;5,654470101035258e-05;6,261513111179997e-05;0,0002658631371689678;0,00021429579614310308
1898;1,1088783224977306e-07;8,252784482465358e-05;2,386192292647138e-05;4,7428049551204564e-05;0,00022087958768679528;4,073160653206287e-05;0,0009909862845753586;0,0002839557380087042;0,00038349818883684093;2,423712481507729e-06;0,0017942229663146592;0,0003920746361732849;5,233340922521685e-05;6,065832483922609e-05;0,0002614625957773699;0,0002151566556156987
1899;1,1088783224977306e-07;7,548432319838736e-05;2,3962213597477398e-05;4,948876640550484e-05;0,00021128100472976385;4,0805058785865966e-05;0,001016919590516149;0,00028901015411975095;0,0003907169522270644;2,7718109712233333e-06;0,0016593702119800063;0,00038037437012202905;5,5614235959313056e-05;5,659475773102583e-05;0,00024617126298055937;0,00020844814149053751
1900;3,0379103677091734e-07;7,434943622034293e-05;2,4675958038804833e-05;5,2195853023866736e-05;0,00021638657666959;4,154452994953317e-05;0,00103981422268719;0,0002937363498339047;0,0004031785757823465;4,011214725453881e-06;0,001660692045594;0,00038004974547740337;5,750469784158798e-05;7,375511675685889e-05;0,00029529733345563206;0,0002189517561289124
1901;3,0379103677091734e-07;7,439469982273295e-05;2,2248003058881034e-05;5,5079163173234384e-05;0,00024904518016098464;3,7415310316646355e-05;0,001041584034412933;0,0002973680596239449;0,0004054249562354276;6,9646708717690275e-06;0,0016509193171389469;0,00036944023642198384;5,505901421137034e-05;7,433160484587071e-05;0,0002914363790296193;0,00021554692304042485
1902;3,0379103677091734e-07;7,964133926309711e-05;2,653570529024104e-05;6,11853490032185e-05;0,00026075717869389337;3,755559012980874e-05;0,0010725956209561055;0,00030055386365087803;0,0004336887936265807;9,332916407954275e-06;0,0017381145750862614;0,0003966933718402288;6,09158044133957e-05;7,978274295185526e-05;0,00028968726805292784;0,00022402967455751162
1903;4,798717867515734e-07;8,203989604485937e-05;2,5575349939442405e-05;6,675211433762993e-05;0,0002715043300278402;3,5183789139279854e-05;0,0010693649008836864;0,00029515276115229687;0,0004254284021953936;9,666101062423746e-06;0,0018924994687300307;0,000409954187879131;6,472300770253372e-05;9,13308091250136e-05;0,00026928943920471023;0,00022113321002897076
1904;4,798717867515734e-07;8,155747325742726e-05;2,7368165384749386e-05;6,359301047658456e-05;0,00028627805152479723;3,3780706384537294e-05;0,0010662173216197906;0,00030134141785051076;0,00041877392829649447;1,0328496331218112e-05;0,0019426284520055299;0,0003893893758036679;7,480278806529636e-05;8,67231254427939e-05;0,0002689836313558252;0,00021122700348184608
1905;7,076554707298653e-07;8,174372153137353e-05;2,059963151168631e-05;6,4009230170216e-05;0,00029068783078400884;3,289523574169705e-05;0,0010816058290531924;0,0003078694947232309;0,0003729350932449701;1,1943193963962324e-05;0,0020185599298981416;0,00039793909374046573;7,726360869193221e-05;9,139295116256108e-05;0,00026728475047223455;0,000211503337206003
1906;7,076554707298653e-07;8,762229169535982e-05;2,0712165849090525e-05;5,872572817874502e-05;0,000319497475434868;3,53011484678843e-05;0,001110471293941373;0,0003171946121126114;0,0003675889859420879;1,229428064115317e-05;0,0020408048710253623;0,00040959393702775875;8,314093966938734e-05;9,484049964417604e-05;0,00026954930295427663;0,00022505040370950676
1907;5,14752266208721e-07;8,304204470732657e-05;2,0980998272079887e-05;5,698356103169187e-05;0,0002988299050749837;3,158039731943063e-05;0,0010992265483115002;0,000317123375940095;0,0004252700884015732;1,1414506571684666e-05;0,002097612819592801;0,00040277386688103434;7,986146296648908e-05;9,838221980576885e-05;0,00021650894268532284;0,00022378409149886077
1908;5,14752266208721e-07;8,4450259204719e-05;2,004298157284471e-05;5,730616123855725e-05;0,0002873718114772471;3,1908508495754564e-05;0,0011108963268010744;0,0003144613109335686;0,000451246043147486;9,6431029256954e-06;0,002096592522450789;0,0003985603793158329;8,136544522585609e-05;0,00010283414683596805;0,00021570936041825917;0,00021660456793272587
1909;8,522853153384143e-07;8,782238621409175e-05;1,6760697414091347e-05;6,315277565655768e-05;0,0003059803459239317;3,017796460978518e-05;0,0011010694574257027;0,00032071477237747913;0,00045274437720114037;1,028213339233324e-05;0,0020990827969009323;0,0003842439257693643;7,564151595878294e-05;0,00011468337431454399;0,00021402121482034478;0,0002076339261033614
1910;1,2836157279951164e-06;9,154340513565071e-05;1,7093848571546134e-05;6,161485990625286e-05;0,0003397886319232514;3,2027405438839196e-05;0,001134919421019731;0,00032781597708110766;0,0004893826209289338;1,1828839571340463e-05;0,0019696340262141477;0,00039719745278229566;7,29210540839631e-05;0,00010479683153010098;0,00021391400163598258;0,00020653545789173222
1911;1,3696756934982496e-06;9,334644833610842e-05;1,545079827889952e-05;7,080195254210204e-05;0,00033048717114070314;3,1865084590013536e-05;0,0011458439855362354;0,00032815263304135963;0,0005065864278159486;1,3020868497700837e-05;0,0019858324386794785;0,00040726868389486166;7,044069637426478e-05;0,00010740433335091178;0,0002273371105080254;0,0002174341115538222
1912;1,2152302339022266e-06;9,648035919391468e-05;1,6164498666577337e-05;7,61419020786239e-05;0,00034858285451783947;3,1411096098768864e-05;0,0011831333462656143;0,00033063513131180244;0,0005327428490480608;1,4758028348588986e-05;0,002031961620169958;0,00040886364526418874;7,643842577311131e-05;0,00010092039579896145;0,00023935142832799883;0,00021313056777216843
1913;1,532748969016292e-06;0,00010260269829944133;1,8389397991670974e-05;8,79752487240434e-05;0,0003316844689444614;2,8322299426365915e-05;0,0011868928725432073;0,0003473438352687351;0,0005589927825764919;1,757672869473481e-05;0,0020051739868774477;0,00041395735479454743;7,811900794812183e-05;0,00010343085615919075;0,00025346348918122075;0,0002037625319774504
1914;1,697176665871325e-06;0,0001053586873110492;1,9998633352510558e-05;8,870470976164922e-05;0,00033558427990750976;3,328363220589381e-05;0,0012026196470417614;0,0003699124558157304;0,000518834024530536;1,8132247094269716e-05;0,0019513957210749921;0,0004222253664920572;8,420251609615142e-05;9,495732626874087e-05;0,00025581959042548467;0,00020949562277954622
1915;2,000208525793872e-06;0,00010709866273828084;2,128616764756381e-05;8,729406683219818e-05;0,0003260008010589185;3,444946230501955e-05;0,0011984220561446688;0,00037178228272491;0,0005099875124869868;1,778353220873084e-05;0,0019867704395437613;0,0004280013724512953;8,567067603897678e-05;9,551568780352682e-05;0,00025990428704452436;0,0002240058100661762
1916;1,7400693394112717e-06;9,685946663142073e-05;2,1766041007660014e-05;8,346100953206457e-05;0,0002970368476391221;3,834915470893715e-05;0,0012065109201232968;0,00037479820938252876;0,000523810935452015;1,5942100211369897e-05;0,0020244200381317307;0,0004676675546631616;8,54570674034351e-05;8,500288483251747e-05;0,0002427758188007699;0,00023431843406537415
1917;1,5816319619079067e-06;9,421595206861509e-05;2,2784143587679345e-05;8,912697962516956e-05;0,0002782576270224776;4,089231790008593e-05;0,0011957811693719123;0,0003764141216119502;0,0005215387058602314;1,5134804698391235e-05;0,0020532992753682527;0,0004664319996144124;8,889399185006499e-05;8,692107818270805e-05;0,00025760930384421954;0,0002451206488071226
1918;2,130347530128672e-06;9,838360434904253e-05;2,5275045142539708e-05;8,299362101687231e-05;0,0002710917962238974;4,490732205145572e-05;0,0012061962739348278;0,00037808948880930463;0,0005258577402855735;1,4728938424468652e-05;0,0020815916026809384;0,0004621461292637312;8,227783934801534e-05;8,932053958687902e-05;0,0002473129565519879;0,00024642292503683293
1919;2,2742908889483715e-06;9,795969536493691e-05;2,6441093276779224e-05;8,573055855062453e-05;0,00027192617965608534;5,010203990098359e-05;0,0011866513757143235;0,0003803837216764805;0,0005179480987343206;1,3177518707964608e-05;0,002089447765943727;0,00048397382020734113;8,047935092950606e-05;9,892271707810454e-05;0,00023189677936638224;0,0002566839904310265
1920;2,2727921005533906e-06;9,487357358141577e-05;2,4759132039824703e-05;8,303608954715205e-05;0,000273081166467039;5,173753874844676e-05;0,001171370994208181;0,00036745178541813014;0,0004931140275792652;1,1659187951603858e-05;0,0020680562686590876;0,0004746540006245985;7,692107309204792e-05;0,00011789659717058903;0,00023905689334112267;0,00025564969356699815
1921;2,348223228563841e-06;9,098937750552847e-05;2,3124720119735036e-05;8,807558832099207e-05;0,0002897814575979802;5,009716517179186e-05;0,0011978884036320128;0,00034873229586602453;0,00048074267786952466;1,362183722010611e-05;0,00206912456113579;0,0005015738744467464;7,621608720650588e-05;0,00011783821897941898;0,0002778823613880377;0,0002463284870048353
1922;2,1191350896287986e-06;8,923792620407767e-05;2,2754561054430917e-05;9,301986584172742e-05;0,0003159749017608452;5,1591487298147906e-05;0,0012089452476564994;0,00034794452728549786;0,0004944842138294396;1,6337798212719334e-05;0,0020687656225553447;0,00049411764198989;7,805973041286052e-05;0,0001178419008088635;0,00026451503539906947;0,00023574336864840006
1923;2,328577254827126e-06;9,07572801419779e-05;2,3746219872983992e-05;0,00010041367285599075;0,00031852550819166936;4,998147582162866e-05;0,0012196062536012115;0,0003457233463320465;0,0004669345928830028;1,8220583391277095e-05;0,0019740436203262235;0,0004913998834256615;8,220698483845419e-05;0,00011418464152614303;0,0002702016900002491;0,00023292547471750628
1924;2,0974646527552717e-06;9,485115778521244e-05;2,5275402850054108e-05;0,00010615794394652767;0,0003191976117834981;4,6171299621684216e-05;0,001219504221288454;0,0003598376354472878;0,00046380456686685126;2,165335664423245e-05;0,0020146636286101837;0,0004987255124433432;7,799121866420527e-05;0,0001195619185117331;0,0002533274758726683;0,00023529592648888605
1925;1,5247815898788986e-06;9,849277457111124e-05;2,617885225423119e-05;0,00012041092044715436;0,0003286469206744057;4,370414663818727e-05;0,001236596822959005;0,0003597472284257362;0,00046761048387062535;2,543395376213604e-05;0,0019083893286213943;0,0005106527493938172;8,357542843181623e-05;0,000123827862807957;0,0002516139911027234;0,0002356551996334539
1926;1,4842931899445538e-06;0,00011364930563623993;2,4757495761410352e-05;0,0001410248647256854;0,0003495901052831739;4,219009294307138e-05;0,0012245526055007108;0,0003572476056693371;0,0004589161302906827;2,9744907489462745e-05;0,0020133971962163094;0,000509905852855549;8,55614944482243e-05;0,00012044708016998942;0,0002524152396940086;0,00022713771678744318
1927;1,1682732432254689e-06;0,0001206775071490743;2,664918647659371e-05;0,0001338682133272024;0,00035545683333891375;4,1559810272571796e-05;0,0012735079248419165;0,00035705580947771;0,000461638202458354;3,288819182703914e-05;0,0020170497009530663;0,0005311685526976362;8,722808664580433e-05;0,00010555366917027901;0,00024120917682271932;0,00022645191555576664
1928;1,3327935263366238e-06;0,00012708124229123184;2,7932293887390968e-05;0,00012949697959032034;0,00035050325745292606;4,093789008103548e-05;0,001275394320795645;0,00035448879641210496;0,00044846181026514387;3,345172266173384e-05;0,002063277705539284;0,0005248144264312162;8,51913715190936e-05;0,0001039726246939868;0,00019526658466669948;0,0002400976492416313
1929;1,4777821823384687e-06;0,00013698593355521943;2,9939911274011267e-05;0,00012650012227563172;0,0003348795676824271;4,106502769575725e-05;0,0013049586673982308;0,00035226198633608874;0,00042663752667847026;3,47189362465932e-05;0,002016763366035385;0,0005348314516595565;8,168657034600204e-05;0,00010476189881306449;0,00018598984914725797;0,00023605647519226683
1930;1,3238934837289662e-06;0,0001365648902914732;2,8312023557321352e-05;0,00011593939136998545;0,00034244744386212133;4,4307487152244516e-05;0,001317015137049436;0,00035610305531008635;0,0004223586659333835;3,63184316906232e-05;0,002078482845848027;0,0005302177019724955;7,860816708671337e-05;0,00010509935139322937;0,00018106971343253723;0,00023840925353267394
1931;1,5996247691520338e-06;0,00014330727659788472;2,773319270740363e-05;0,00010530335511508123;0,0003475037276855021;4,563366928778123e-05;0,001338240157825307;0,00034300989812306525;0,00041705860504797395;4,0653117139299866e-05;0,0021210154955042526;0,0005513476805520311;7,749632361862626e-05;0,00010054484797754931;0,00017983590916108888;0,00023366543635867335
1932;2,0206380188117886e-06;0,0001447540926489767;2,5602336758570997e-05;9,176493368353736e-05;0,0003691053377354235;4,5783717236450426e-05;0,0013439945048178612;0,00033522830043304045;0,00040573874165212534;4,350071947101242e-05;0,0021516234742843415;0,000558458058159366;7,254029778128565e-05;9,598085089887069e-05;0,00017544548589804826;0,00023739907451921942
1933;1,7841033158764015e-06;0,00013127231974457182;2,7686746152864673e-05;6,416096230818116e-05;0,00035778693602748845;4,706275506448167e-05;0,0013807463931568367;0,00033202848693950467;0,0004178830684915218;4,252931984995355e-05;0,0020082136480985874;0,0005685961241397308;6,795711523669265e-05;9,638439207394965e-05;0,00016196991379859225;0,000242381228028015
1934;2,0933576269247363e-06;0,00012805290826431052;2,6345907753823538e-05;6,304180471618435e-05;0,00036390219325507393;4,920031569456893e-05;0,00136781788699279;0,0003413563068274276;0,00041053363669821665;4,292256343368146e-05;0,0020735458227656117;0,0005749244272530112;6,04537206072564e-05;0,00010160241978545464;0,00015312806129129188;0,0002464115725940376
1935;2,0600218039338155e-06;0,000133456953627891;2,7745292438144785e-05;6,148661425088773e-05;0,0003671089741276644;5,212300737054778e-05;0,0013785187547910027;0,00034404493232744116;0,0004283328540363332;4,469299150449453e-05;0,002071932716976984;0,0005889711831384505;6,067692847214598e-05;9,874857970057098e-05;0,00014942198244430723;0,0002438121035603607
1936;2,1746035702311213e-06;0,00013251236217521573;2,7504198385486234e-05;5,966022342818178e-05;0,00038350184955301557;5,122460606798995e-05;0,0013649542519747879;0,00034525115292386284;0,0004372394869278651;4,5421152045881695e-05;0,002150226516407981;0,0006039068401670582;6,212335798798969e-05;0,00010268443426347012;0,00015400380886733598;0,0002495993482755564
1937;2,1292415513280664e-06;0,00013700529442368343;2,9949450208732742e-05;6,002039145057227e-05;0,00039535359194685176;5,0681532164682206e-05;0,001368983235546953;0,0003510164235974246;0,00045425775039932754;4,5097191251183434e-05;0,0021855889956766206;0,0006241968159364271;6,683383324863306e-05;0,00011240524437588256;0,0001445770651896185;0,00024873941129044397
1938;2,2116352241649144e-06;0,00013014010034696964;3,009417517725004e-05;5,8212293246080147e-05;0,0003905120463189503;5,339824237385724e-05;0,0013956453195922741;0,00035501762860284155;0,00045941400717960533;4,0676570733921835e-05;0,002103443408226927;0,0006234563508249786;6,619826454620384e-05;0,00011497896090466902;0,0001397478285980469;0,00024533252534248665
1939;2,3230718237954306e-06;0,0001263863103823886;3,127806483657228e-05;5,990763278467577e-05;0,00037893315883203674;5,455791389457383e-05;0,001414099941549856;0,00036502222948391657;0,00046876369716691054;3,594926494900262e-05;0,002174044103802381;0,0006418988700066361;7,1745782698989e-05;0,00012172419750251201;0,0001359936098716779;0,00024346551461868718
1940;2,428221921947836e-06;0,00013326700809557224;2,9138780226795848e-05;5,731560699067424e-05;0,0003680111766308463;5,3477418353915193e-05;0,0014425927214948128;0,00036031373643449375;0,00046117495133200597;3,352438966430782e-05;0,0022515990557232207;0,0006533510843707648;7,687678476031579e-05;0,0001212303897903309;0,00015001600754008644;0,0002482105855960981
1941;2,789087113644736e-06;0,00013052873392942793;2,9942217695731544e-05;5,843143355832581e-05;0,00035724313290432164;5,161168335884472e-05;0,0014534051063362443;0,0003463068294097736;0,0004811490011239325;3,113478572101615e-05;0,00219124758586986;0,0006636285693925206;8,243118259088078e-05;0,00011488156295464641;0,00013954372174599224;0,00024323598089332724
1942;2,688857853832311e-06;0,00012231566951673552;2,9034255736145754e-05;5,941213438680799e-05;0,00035441198633634485;5,004351797716871e-05;0,0014631800045858004;0,0003474534683586431;0,0004863000023241122;2,8561891188668854e-05;0,002179934719086824;0,0006604083150055626;8,706051305905151e-05;0,00011936671983546278;0,00013721480140052984;0,00023889787631300611
1943;2,6798970978855356e-06;0,0001170419466234307;3,111139709030145e-05;6,228923926495813e-05;0,00033580151921341894;5,2582573825280375e-05;0,0015155903773640084;0,00035542370824259706;0,0004958520873645154;2,6174237583680747e-05;0,0022183960806744707;0,0006793738586046467;9,002050498046239e-05;0,00012099943010720641;0,00013475731910667882;0,00024560498396957494
1944;2,9020027523886583e-06;0,00011409598284574583;3,123049501547419e-05;6,463579000280464e-05;0,00031014693442037763;5,2270142094000357e-05;0,0015492713568424472;0,0003496485857924979;0,00048642706523034055;2,403165118331734e-05;0,0021587951518345755;0,0006738291046661159;8,597326086601242e-05;0,00011931734726593795;0,00013408565402122413;0,0002538241850353578
1945;2,868131535446342e-06;0,00011200288635596474;3,1881581971252414e-05;6,376468247383724e-05;0,00028926686224752175;5,170641291637626e-05;0,0015543191563795388;0,000343988810007951;0,0004916098662631287;2,305642640619356e-05;0,00214822160030183;0,0006699973255308578;9,34105693366811e-05;0,00012472664658551885;0,000133096140026672;0,00025457988093486553
1946;2,7054099912707637e-06;0,00011147734783532672;3,31469919956362e-05;6,141434271609927e-05;0,00027239128550198596;4,942270501422692e-05;0,001543437753883024;0,0003366792173307788;0,0004854250944065695;2,3130201855435318e-05;0,0021497009583981708;0,000666163967772653;0,00010204089286552126;0,00012467827933245905;0,00013193541040631577;0,0002537235299574344
1947;2,8103826059983864e-06;0,00010565048325718505;3,5318758153022956e-05;5,815889941069534e-05;0,0002609777928747852;4,954044356964005e-05;0,001518325072018862;0,00033051502279184727;0,0004915899483291598;2,5405778306516626e-05;0,0021600084437523037;0,0006619645838717199;9,987536811552542e-05;0,00013079756269819751;0,00012135842715516837;0,0002466117198959442
1948;2,4228987324395997e-06;0,00010585395346294848;3,51851213054033e-05;5,591251570941884e-05;0,0002564214615371644;4,93038182217528e-05;0,0015318530911047545;0,0003293884674349101;0,0005093198069516802;2,8414362418516248e-05;0,002148197875482895;0,0006609955172669808;0,00010265410829950788;0,00013128576808542545;0,00012050297267965755;0,000248645194135731
1949;2,373855296460598e-06;0,00010435686021992296;3,655476876117193e-05;5,612047248502807e-05;0,00025266259789142557;4,881899582999592e-05;0,0015185991807291949;0,00031697295850920327;0,0004996420362398826;2,870178588766846e-05;0,002097661932306697;0,0006633371867792448;0,000103796125878424;0,00013336544952835538;0,00011566667775956115;0,00024207758672543733
1950;2,578582604582737e-06;9,987654558634467e-05;3,470757852548039e-05;5,73972170871327e-05;0,00025531812428068534;4,818369997597724e-05;0,0014835528937900172;0,00030348118278717654;0,0004984385733613246;2,8658182722145807e-05;0,001986308078422943;0,0006590487763397894;0,00010453292702550243;0,00013576018480827251;0,00011906348130911022;0,00023209101332862962
1951;2,673229739156925e-06;9,870060547915012e-05;3,503340703251264e-05;5,645010341075769e-05;0,0002668391679045661;4,678776162693664e-05;0,0014718387579445594;0,0002920119511275386;0,0005127720864298421;2,7837062889700193e-05;0,0019418678805647816;0,0006607249425932034;0,00010916772745466524;0,00013281153314892435;0,00012149768216269358;0,00022450974159125635
1952;2,5080786717320995e-06;9,77678553226724e-05;3,740492786619143e-05;5,9856263387051255e-05;0,0002682133461868424;4,5460613965328124e-05;0,0014689104448604798;0,000285316543470669;0,0005083567625011451;2,598933203249284e-05;0,0019503367574153735;0,0006848697401957386;0,00011373862694849128;0,00012996547411603387;0,00012508756169284294;0,00023063094626455234
1953;2,794593965761903e-06;9,645490227480229e-05;3,7777077263204516e-05;5,98463352779228e-05;0,0002686186787416643;4,847295948755865e-05;0,0014792284023964644;0,00027621127043987926;0,0004985718533134786;2,3945147579037697e-05;0,0018996200846491513;0,0006942975752670984;0,00010874393702969037;0,00012428991859841126;0,00012601478017261667;0,00022843307436102932
1954;2,9138509002483e-06;9,516774152221583e-05;3,664477422457172e-05;7,165296795262423e-05;0,00027032264305099877;4,7746678433213674e-05;0,001505868749518413;0,00028240506578315817;0,0004825164913719553;2,109520979485881e-05;0,0018288713753073743;0,0007064907029936356;0,0001140938544657339;0,00013225105866305448;0,0001289525942281346;0,00023257653083419427
1955;2,7130136867218165e-06;9,362261559025293e-05;3,7553552699267e-05;7,390170253529504e-05;0,00026927986839707173;5,0566837168324643e-05;0,0015250949478026346;0,000280337504981227;0,00044329414257455416;1,7942173156728002e-05;0,0018321784279708353;0,0007287852375676655;0,00011587636338715259;0,00013472179359398848;0,00013542753549700137;0,00022996602443267226
1956;2,6530672896691546e-06;9,873146577124965e-05;4,083212315565886e-05;7,459605545331474e-05;0,0002718589615012336;5,3839402929562705e-05;0,0015808575751309817;0,00027825796808299074;0,0004369617727206787;1,7959981184796042e-05;0,00184863755358882;0,0007614085461682407;0,00011581910907157829;0,00013180098708939373;0,0001375450210616691;0,00023673339260962427
1957;2,34386116864422e-06;0,00010042969945191414;4,5474908055049514e-05;7,0398493383956e-05;0,0002634467006958273;5,305475099248724e-05;0,0016199337811225894;0,000276405548252764;0,0004349527703847603;1,957816877506957e-05;0,001877076075678425;0,0007721777754860731;0,00011378299810920517;0,00012543864288870412;0,0001313545340053679;0,0002388580112113102
1958;2,4439724276094566e-06;9,795332240563375e-05;4,484868441068102e-05;6,657113788475857e-05;0,00025112958610407077;5,4011323007736276e-05;0,0016373658841725308;0,0002760997631412465;0,0004130465315808708;1,995091218580975e-05;0,0018373006501600946;0,0007858893825739091;0,00011088637604318916;0,00012675128735801472;0,00012598822130322724;0,0002395308359025096
1959;2,5795449712770084e-06;9,41629179708668e-05;4,212719042178443e-05;6,527394020849897e-05;0,0002576545999285632;5,608701404266217e-05;0,001689101268961427;0,00027354678227961164;0,000396746268701723;2,0129749499022053e-05;0,001824182306466225;0,0007862770871724933;0,00010103398316070006;0,00012746495648181217;0,00011828258103767958;0,00022913404466505326
1960;2,2062788040955184e-06;8,981191805495265e-05;4,144106802479135e-05;6,377583109237353e-05;0,00026066688860737486;5,610438295531952e-05;0,001739915153718487;0,000280699272739834;0,00039462932233748555;2,088941966706313e-05;0,0017824922127017218;0,0008075557551429874;9,471770243050872e-05;0,00012825311484578248;0,00011425798252925494;0,0002346238846127692
1961;2,267287855874299e-06;8,876897449486673e-05;4,2578358261380345e-05;5,4918046998864156e-05;0,0002655285145790133;5,8158446693466566e-05;0,0017907502426948796;0,00027780850229776533;0,00039817780036953214;2,2289466983238526e-05;0,0017372977059234734;0,0008215272178599012;8,963211095241215e-05;0,0001229123881785199;0,00011007254475511478;0,00023107467573676592
1962;4,060507371609187e-06;8,73363839153691e-05;4,197627236278224e-05;5,423394132516737e-05;0,00027239902919973247;5,6510030585091696e-05;0,001816308473020659;0,0002769237263627084;0,0003891034501586026;2,213858343631208e-05;0,0016921776737685184;0,0008254267413576599;8,419333182376119e-05;0,00012642956497594632;0,00010752399930424872;0,00023166325198482288
1963;4,215049160498958e-06;8,152634498921023e-05;3,76288608906959e-05;5,108159939481993e-05;0,00027056471156226635;5,434751203990475e-05;0,0018259361760491239;0,00027839197238271093;0,0003799978263227136;2,1883437284486718e-05;0,001677188993198797;0,0008271446469214944;8,050642707400715e-05;0,00012358602654265787;0,00010438756135044969;0,00023063536381024666
1964;4,128499675459807e-06;8,299206391321994e-05;3,4319538144700346e-05;5,34739712065857e-05;0,00028252944568001633;5,521541928439027e-05;0,0018811995687428862;0,00027761962948196536;0,0003682600371186189;2,146278664635507e-05;0,001657773308189852;0,0008462584316605768;8,160798594352465e-05;0,00013230474808421735;0,00011012602629177439;0,00023397651278043795
1965;3,931208552338765e-06;8,663283048398236e-05;3,378786418904513e-05;5,510374795189168e-05;0,0002862048047193509;5,569734266178525e-05;0,0019435132084514146;0,00027852910794276146;0,00036321124038555093;2,3005140243575234e-05;0,001701210515290898;0,0008806167898001149;8,353657433092718e-05;0,00013495873482887482;0,00011339919215710585;0,000236862790968319
1966;4,010379152573153e-06;8,889258781761913e-05;3,68581148839959e-05;5,30569674797984e-05;0,00027743247496151265;5,4127157714641984e-05;0,001990976592683832;0,0002894005807060499;0,00036215399177308427;2,414922164462041e-05;0,0016985328069755007;0,0009109125390490849;8,284482808968667e-05;0,0001389529708311394;0,00012150517899759246;0,0002420461344497328
1967;3,840384036176861e-06;9,188116791847278e-05;3,6533665641919857e-05;5,2852560981721445e-05;0,00027888562661766106;5,21935870015763e-05;0,002075767796278732;0,0002836810836015502;0,0003467111615204236;2,5372496890798046e-05;0,001689317624758197;0,0009209775791012881;8,163012889131746e-05;0,0001403071126203161;0,00011933549980572674;0,00023104897926324545
1968;3,7237306825334467e-06;9,350910171893442e-05;3,64950815472704e-05;5,15415328956286e-05;0,0002714018884424669;5,0551804520182486e-05;0,002139562587087442;0,00028163874178842107;0,00033617702683841344;2,6389354599944325e-05;0,001686896991616647;0,0009384719825383009;8,119705918423798e-05;0,00013242546239260783;0,00011999327885600257;0,0002343786361182408
1969;2,0966677283240642e-06;9,103119558468669e-05;3,853538146358915e-05;4,9830738037469154e-05;0,0002635854051342384;5,056248052629339e-05;0,002217829127662948;0,00027825876064265946;0,00033266853409129126;2,5834590847547846e-05;0,0017344388002779204;0,0009535715435049497;7,874686665283142e-05;0,0001239920720763621;0,00011125464587686501;0,00023186225592196152
1970;2,069127574040002e-06;9,184455507238454e-05;3,94196441837786e-05;5,0788005572550385e-05;0,00026354962951050505;5,140229494112905e-05;0,0022742935990598717;0,00028138943629788367;0,0003281614324025993;2,6332891219941045e-05;0,0017117589387843119;0,0009645712192910391;8,033079146636217e-05;0,00012686122090599383;0,00011052223304172263;0,000230610719752024
1971;2,358823536496857e-06;8,975515259278057e-05;3,841732783322576e-05;4,9541848414134756e-05;0,000261855195406367;5,10217095747326e-05;0,0023098417451754877;0,0002784099284066802;0,00031548274494395755;2,9201581241977692e-05;0,0016643440046339364;0,0009715637133922428;7,9800962079649e-05;0,000124017317050727;0,00010991673694401731;0,00023114971229785752
1972;2,308882177512065e-06;8,825388704281067e-05;3,891594693478899e-05;4,952652018021451e-05;0,00026517627052921204;5,127917047177886e-05;0,00235524387660137;0,0002797821382825662;0,00031028436556620624;2,9534936629715958e-05;0,0016226431788319523;0,000959756523246012;7,750600161671173e-05;0,00013037142707617022;0,00010821530785116401;0,0002280605940541136
1973;1,962059974809043e-06;8,64749267748266e-05;3,685914496795054e-05;5,024766746178752e-05;0,00027146130768025093;5,106420409057526e-05;0,0023809693240244606;0,0002726742033181446;0,000296943111217323;3,0162418949787805e-05;0,0016154509986725835;0,0009518360976861523;7,902167128902095e-05;0,00012702613016049976;0,00010127070189420401;0,00022839714282391857
1974;2,042386957969354e-06;8,736500944905856e-05;3,7122455864846415e-05;5,3149977117884965e-05;0,0002738463958199385;5,219051786298223e-05;0,002393693726584648;0,00027555174386049785;0,0002974189198669462;2,9027326523386622e-05;0,0016244864387512542;0,0009535038770991378;7,967950312247143e-05;0,00012225336425737105;0,00010134671128980699;0,00022908661126816047
1975;2,4075382703309903e-06;8,778030421906027e-05;3,764809061327209e-05;5,531652383134704e-05;0,0002847540632241622;5,251237748130475e-05;0,0023845149241554153;0,000272109920323211;0,00029054714169823067;2,8130385284644687e-05;0,0016678358926063602;0,0009483774712342502;8,023578418812707e-05;0,00012182674384218574;0,00010072563197484539;0,0002200155125007898
1976;2,6405014555816057e-06;8,818239913515364e-05;3,6822422901293195e-05;5,492651626225e-05;0,0002967216525056366;5,1511411973998686e-05;0,002398018140021512;0,0002773003058921729;0,0002779327750041765;2,941661218106414e-05;0,001641604142475574;0,0009424515285770343;7,851626021095268e-05;0,0001212116883055257;0,00010723089027513715;0,0002209133072028635
1977;2,601743531727152e-06;8,797181862973957e-05;3,618065339391511e-05;5,350857382576837e-05;0,00029739391525903817;4,977766414932765e-05;0,0024084666230399826;0,00027871351448993664;0,0002748076180328748;2,91494373527712e-05;0,0016931819508109974;0,0009366886713126274;7,678594491673201e-05;0,00011658335584538042;0,0001066892049753473;0,00021976531700472279
1978;2,5320690813909356e-06;8,643595492685563e-05;3,68010570842411e-05;5,204434054511304e-05;0,000295986235089783;4,811850788298346e-05;0,0024171032107135814;0,0002875618162891312;0,0002670244644572709;2,474377558720724e-05;0,0017355351571625632;0,0009213046983599529;7,492586259364284e-05;0,00010949797391341626;0,00012144003968777333;0,00021535146126033008
1979;2,3810907467947118e-06;8,571036248992771e-05;3,742255866459995e-05;5,169138189233178e-05;0,0002920858768058159;4,591508034731565e-05;0,00240664194279816;0,0002783492066425554;0,0002589161210510481;2,3838320016368796e-05;0,0017602833915069433;0,0009102156452302421;7,558976530422765e-05;0,00010118134322770596;0,0001161206812737094;0,00021004776726840646
1980;2,2750085434556207e-06;8,555010789937764e-05;3,943145584019346e-05;5,101590017732503e-05;0,0002860985692417931;4,549043442888693e-05;0,002395357062466376;0,0002724565547396196;0,0002640269875493167;2,197825900956169e-05;0,0017631160257483964;0,000906970983903323;7,428171215906332e-05;9,960141937881417e-05;0,00011243479402115293;0,00020450654087004035
1981;2,506133047118299e-06;8,392317860333216e-05;4,028379895057047e-05;4,965294928232262e-05;0,00027682085926374257;4,434659704851843e-05;0,002387323157953298;0,0002659551780327872;0,0002600482373184475;2,234714742144206e-05;0,0017471765074463163;0,0008942989422523948;7,379637330424365e-05;0,00010167686923523434;0,00014492324891892037;0,00020528318762964251
1982;2,0720127264744244e-06;8,060763353309344e-05;4,0338921637937475e-05;4,611178375008811e-05;0,0002664191177765523;4,317009256737947e-05;0,0023998854885576293;0,0002616689341396393;0,000254340583134243;2,0362679111128402e-05;0,001720997741878299;0,0008879108203733008;7,117911958890286e-05;0,00010186386378206538;0,00014232590582910883;0,00020957194887419713
1983;1,9831108882024343e-06;8,211426591385264e-05;3,9410451384875546e-05;4,557004729122127e-05;0,00025093666278865257;4,453036857350006e-05;0,002367811534246097;0,00025562545878139123;0,00025309134993481815;2,024814368236808e-05;0,0017107891835621558;0,0008924879564022245;6,931042467580742e-05;0,00010203892689527753;0,00013461597794568142;0,00020976944564868712
1984;2,020765389941305e-06;8,554209297731827e-05;4,0426181564206285e-05;4,69102100656268e-05;0,00024369654251391433;4,518256235184838e-05;0,0023593172435149817;0,00024819737843375023;0,00024439608361197837;2,0880852957816387e-05;0,0017296876259414212;0,0008867693395586684;6,898208247158826e-05;0,00010517481752815781;0,00013083477646042802;0,00020842270812084152
1985;2,3144162332654006e-06;8,838318470744915e-05;4,061089506584332e-05;4,9050322153172085e-05;0,00024278347804543695;4,684699287541402e-05;0,002362642200231286;0,000236243714165799;0,00024552104735318735;2,1090561728799783e-05;0,0017559697620786858;0,0008967974411331983;6,876652248268198e-05;0,00011067285835711767;0,00011132715534196386;0,00021241515599155846
1986;2,8020881868785963e-06;8,927533648212764e-05;4,071139788460901e-05;4,934817517161199e-05;0,00024852307498284584;4,710818838507943e-05;0,0023686355104603407;0,00023561291137801684;0,0002442510646817807;2,1727513350404998e-05;0,0018074757723037954;0,0009031323056011128;6,79752872656536e-05;0,00011103708499961482;0,0001093514437603257;0,00021605617673360811
1987;3,104067580750325e-06;9,205033799324675e-05;4,078833098576849e-05;4,894011616280685e-05;0,00024973265421327336;4,660871419608676e-05;0,002339370153744572;0,00023032941304076564;0,00023402418654378768;2,3533079789623506e-05;0,0018200528107367325;0,0009150365388320228;6,766072959050819e-05;0,00011530037552022674;0,00011040879793914167;0,0002186132990443314
1988;2,8984139532894915e-06;9,454243468098866e-05;4,345675433471895e-05;5,079922565138466e-05;0,0002579520079442383;4,792985594446821e-05;0,002291983894662865;0,00022422360806168787;0,00022741608713009294;2,4729726533223584e-05;0,0018704837462532203;0,0009366668954109108;6,813663812213886e-05;0,00011917310952672518;7,434822951576539e-05;0,00022194415448341587
1989;3,299443841951545e-06;9,530523681990286e-05;4,4250852429935806e-05;5,382286839708936e-05;0,0002612245485319623;4,866123666553384e-05;0,0022537898205752882;0,000221407464908095;0,00022355490857860005;2,6087642725412608e-05;0,0018998332442216842;0,000949468812905252;7,119941837377805e-05;0,00012889759253604488;7,57162191738254e-05;0,00022193476070242468
1990;3,190916204281231e-06;9,622899515956566e-05;4,645159045984266e-05;5,60622112288911e-05;0,00026187532447303444;4,931024640037711e-05;0,0022391832836936893;0,0002152834440494189;0,00022542513826400476;2,5800629746949456e-05;0,0018801245200198275;0,0009703787197525213;7,884445787047818e-05;0,00013183857358204217;7,602828223493166e-05;0,00022421401289258417
1991;3,3311820603541624e-06;9,48898990113126e-05;4,8477319377785276e-05;5,821397987152263e-05;0,00026413643874028433;5,0639083123574634e-05;0,002213687054921008;0,00020987634863039214;0,0002259556367789628;2,5454904013193822e-05;0,001821715393037136;0,0009905354350589082;8,205059316424013e-05;0,000136078865255383;8,022640827221039e-05;0,00022814842525674194
1992;3,290206634127506e-06;9,365086758147559e-05;5,189013247023208e-05;5,8984190332012076e-05;0,00025817212515123956;5,2787104160805545e-05;0,002190225677622948;0,00020763208924888332;0,00022900678686710307;2,6443013569275665e-05;0,0017816955473140945;0,0010102937397147929;8,782571317819279e-05;0,0001376761149783436;7,908102475084888e-05;0,00022996984106222432
1993;3,2490712342791994e-06;9,456057016775179e-05;5,436461906681091e-05;6,1010265182760896e-05;0,00025099697528016156;5,392865602971142e-05;0,0021645505122640835;0,00020402297390579145;0,00022760472932402209;2,57146305265061e-05;0,0017322462943931377;0,0010481382690029153;8,894980315484904e-05;0,00013832642805157645;8,504277551375188e-05;0,00023820629654177798
1994;3,4544986807613242e-06;9,253524646218076e-05;5,571439446937023e-05;6,643302705405014e-05;0,0002529275304498567;5,7033734687398206e-05;0,00216717978349022;0,0002076831378872157;0,00023159187938810125;2,4459284223407197e-05;0,001691072040037917;0,0010700573641640534;9,214796250489599e-05;0,0001365383679642816;9,123564268520568e-05;0,00024469710362089766
1995;3,533109576332143e-06;9,087005504885124e-05;5,7144223270760055e-05;6,738722179631753e-05;0,00025228822063841756;5,9265967625573725e-05;0,0021677967587103403;0,0002121550258899723;0,00023951661205501296;2,3421208693110073e-05;0,0016647769371047616;0,0010926243053940457;9,728160210085792e-05;0,0001366949748314385;9,465160084281316e-05;0,0002499095964075033
1996;4,2526609789206304e-06;9,172234497002916e-05;6,15460675947231e-05;6,840603776124356e-05;0,00025078811307009474;6,159629281553083e-05;0,002155135111284575;0,00021301128916612858;0,00024545098053100185;2,346743903964515e-05;0,0016175408745766617;0,0011268090799733596;9,833999651423904e-05;0,00013395090750886344;0,00010046195078367809;0,0002596689000711194
1997;4,476867308613107e-06;9,42893986380763e-05;6,435123996847583e-05;7,489872879367405e-05;0,00025322287586147595;6,496542823697382e-05;0,0021532735315434237;0,00021632977547726896;0,0002496153456377215;2,309288658709972e-05;0,0016094927429678918;0,0011463952172821987;9,98211313734438e-05;0,0001359043234775267;0,00010738580970480273;0,0002716874340486746
1998;4,745077448425101e-06;9,551867654928565e-05;6,696925863382473e-05;7,393904378919356e-05;0,0002553661326081575;6,600271750098077e-05;0,0021580045670686688;0,00022302939929172032;0,00025490015299770415;2,3167673037148363e-05;0,0015614015215500592;0,0011857017203250767;9,847998236572103e-05;0,00013161703366547175;0,00011095070330416741;0,00028262578065810625
1999;4,474802496799514e-06;9,574636205148375e-05;6,757532397776751e-05;7,583344979268856e-05;0,00025652668357776875;6,587713577183811e-05;0,0021334146887446487;0,0002254061298247377;0,0002546621057522965;2,2669871668767883e-05;0,0015471143472365967;0,0012256969837056073;9,96934009630682e-05;0,00013192427072031672;0,00014480112245759562;0,0002963847074559973
2000;4,643250355635635e-06;9,665119234471473e-05;6,963834055438513e-05;7,647118828962058e-05;0,0002656880951690255;6,808442094552447e-05;0,0021101235688547604;0,00023024962436985722;0,0002531936615923769;2,4105945125743998e-05;0,0015298452516227762;0,0012471544973128143;0,00010324523113272984;0,00013189929697026464;0,0001498580640405375;0,0003095095702779612
2001;5,0021488919225836e-06;9,973019652014564e-05;7,098653246170475e-05;7,499889339409751e-05;0,0002810442765621701;6,846606359951173e-05;0,0021159374487719367;0,00023299125717000734;0,00025189399691173876;2,559073258063498e-05;0,0015391506817000584;0,0012724063058807847;0,00010414511280032457;0,00013445242724888625;0,00015329510948244466;0,0003206502144946301
2002;5,76098338557683e-06;0,00010246977727287491;7,195513538655567e-05;7,644791578189012e-05;0,0002853468523816056;7,027266276184361e-05;0,002109751923334053;0,0002338456332446575;0,0002517159438346945;2,6357465238951204e-05;0,001507796228647099;0,0013003678369776545;0,00010612719571716816;0,00013940419226595883;0,0001626962362674281;0,00033637868130296866
2003;5,763213779224381e-06;0,00010458423551946389;7,048456447072178e-05;7,77114061228141e-05;0,00029257036463345036;7,254617051850281e-05;0,0021134203832064357;0,00023594413310742572;0,00024772846245468827;2,7197185862145746e-05;0,0014821542078737235;0,0013273984092977895;0,00010566163999620976;0,00013895176737475725;0,0001742046314185635;0,00035757215235727405
2004;5,986498636494681e-06;0,00010243426312886835;7,285300479712273e-05;7,616004852804638e-05;0,00029965332747191757;7,417333693280983e-05;0,0021050223430003306;0,00023667789069544857;0,00024382039295492826;2,812422020984481e-05;0,001445149583949907;0,0013724912735467245;0,00010654755604783922;0,00013850739800805707;0,00017885907124894272;0,00037452227193820624
2005;5,911097922250974e-06;0,00010114022432259975;7,413340280696243e-05;7,682954625514477e-05;0,00030836694934675634;7,434746943805035e-05;0,0021034408096706364;0,00023474616942361796;0,00024325861107042456;2,8198456090779344e-05;0,0014329617442854214;0,0013984970142441203;0,00010896486953372784;0,00014253694676621568;0,00018590094604015967;0,00039397298873414656
2006;6,5043426644706415e-06;0,00010248864441564365;7,495351421008914e-05;7,66203394656865e-05;0,0003178864024751723;7,520325861302504e-05;0,002110952512642446;0,00023603958349364498;0,00023938798297725347;2,88452009537347e-05;0,001406553398434577;0,0014088965751094897;0,0001079919684343622;0,00014204637939959258;0,00016306418994342192;0,00040170846205001
2007;6,795499061240661e-06;0,00010248303624393883;7,601431093462452e-05;7,710782142567041e-05;0,0003173263576172758;7,65818867876078e-05;0,002126280560332816;0,00023666680135647766;0,00024139580091286916;2,8195356662763512e-05;0,001385032865073299;0,0014279446804721374;0,0001077167007679236;0,00014601650036638603;0,00016620991800664342;0,0004092684548595571
2008;6,735434876503632e-06;0,0001015958417838192;7,83699022122164e-05;7,784159663515311e-05;0,00030665477197544533;7,870776528307033e-05;0,0021049369024694897;0,0002346298572319938;0,00024310519393111463;2,7465226537515264e-05;0,001347322154288122;0,0014508563026538468;0,00010947570672215079;0,00014664817911125283;0,00017210052760674444;0,00042643805500119925
